file,folder,component_type,source,purpose,used_by,status,severity,input,output,database_dependency,test_coverage,finding,recommended_action
scripts/extraction/extract_ndma.py,scripts/extraction,extraction,NDMA,Scrapes NDMA sitreps/advisories/guidelines PDFs from ndma.gov.pk,"ndma_dag.py, weekly_dag.py, manual_dag.py",NEEDS_FIX,HIGH,ndma.gov.pk listing pages,data/raw/ndma/reports/.../pdfs,none,none (manual/no pytest),No HTTP status check before parsing response.text; no checksum; non-atomic PDF writes via downloader.py,Add status-code guard and atomic write before reuse
scripts/extraction/extract_pdma.py,scripts/extraction,extraction,PDMA Punjab,Scrapes PDMA Punjab daily/rainfall/gauge/earthquake reports,"pdma_dag.py, weekly_dag.py, manual_dag.py",NEEDS_FIX,HIGH,pdma.punjab.gov.pk listing pages,data/raw/pdma/reports/.../pdfs,none,none,"Hardcoded YEARS=[2026,2025] goes stale after 2026; same gaps as extract_ndma.py","Add status check, atomic write, checksum; make YEARS dynamic"
scripts/extraction/extract_pmd.py,scripts/extraction,extraction,PMD,Scrapes PMD daily forecast/weekly outlook/weather alerts,"pmd_dag.py, weekly_dag.py, manual_dag.py",CORRECT,INFO,nwfc.pmd.gov.pk / pmd.gov.pk,data/raw/pmd/reports/.../latest.json,none,none,"Task 16A: latest.json write now goes through scripts/acquisition/raw_store.py::write_verified_bytes() (atomic, checksum-verified) instead of a direct open(...,""w"").",
scripts/extraction/common/downloader.py,scripts/extraction/common,extraction-util,shared,Generic PDF/file downloader,"extract_ndma.py, extract_pdma.py",CORRECT,INFO,any URL,local file,none,none,"Task 16A: hardened to reuse scripts/acquisition/client.py::fetch_binary() (real HTTP status/content-type validation) and raw_store.py::write_verified_bytes() (atomic, checksum-verified write) instead of an unvalidated open(...,""wb"") write.",
scripts/extraction/common/fetcher.py,scripts/extraction/common,extraction-util,shared,Shared requests.Session HTTP client with retry loop,"downloader.py, extract_ndma/pdma/pmd.py",NEEDS_FIX,MEDIUM,any URL,requests.Response or None,none,none,"3 retries, flat 2s sleep, no backoff/jitter, no 4xx-vs-5xx distinction, no HTML-error-page detection","Add backoff, distinguish permanent vs transient failures"
scripts/extraction/common/filesystem.py,scripts/extraction/common,extraction-util,shared,Builds raw storage paths data/raw/<source>/reports/<type>/<year>/,extract_ndma/pdma/pmd.py,CORRECT_WITH_MINOR_ISSUE,LOW,n/a,directory paths,none,none,"Different, older convention than Task 15's data/raw/<org>/<dataset>/<date>/; two conventions coexist under data/raw/",Document the two conventions; no functional bug
scripts/extraction/common/logger.py,scripts/extraction/common,extraction-util,shared,Per-module logger writing logs/<name>.log,extract_ndma/pdma/pmd.py,CORRECT_WITH_MINOR_ISSUE,LOW,n/a,log file,none,none,Uses logging.basicConfig() which only takes effect on first call process-wide,Switch to per-logger handlers instead of basicConfig
scripts/extraction/common/metadata.py,scripts/extraction/common,extraction-util,shared,Loads/saves metadata.json tracking downloaded filenames,"extract_ndma.py, extract_pdma.py",CORRECT_WITH_MINOR_ISSUE,LOW,metadata.json,metadata.json,none,none,"Dedup is filename-based only, not checksum-based; non-atomic json.dump write",Add checksum-based dedup and atomic write
scripts/extraction/common/parser.py,scripts/extraction/common,extraction-util,shared,Extracts PDF/JPG/PNG links from NDMA/PDMA HTML listing pages,"extract_ndma.py, extract_pdma.py",CORRECT_WITH_MINOR_ISSUE,LOW,HTML,list of hrefs,none,none,Leftover debug print(); VALID_EXTENSIONS tuple duplicated twice in file,Remove debug print and duplicate constant
scripts/extraction/common/pmd_parser.py,scripts/extraction/common,extraction-util,PMD,"Parses PMD forecast text/tables, Urdu to English city transliteration",extract_pmd.py,CORRECT,INFO,HTML text,dict,none,none,extract_structured_weather() defined but never called - dead function within module,
common/logger.py,common,utility,shared,Project-wide logger (console + logs/pipeline.log),not imported by any file in extraction scope,DEAD_UNUSED,LOW,n/a,log file,none,none,Docstring claims wide usage but extraction scripts use a separate scripts/extraction/common/logger.py instead,Consolidate the two logger implementations
aws/__init__.py,aws,package,AWS,Package marker,n/a,CORRECT,INFO,n/a,n/a,none,none,"Empty, as expected",
aws/s3/download.py,aws/s3,aws,AWS S3,Downloads data/raw prefix from S3 to local,not called by any DAG,DEAD_UNUSED,LOW,S3 objects,local files,none,none,Existence-only skip check (no checksum),Leave inactive
aws/s3/upload.py,aws/s3,aws,AWS S3,"Uploads data/raw/parsed/analytics to S3, idempotent via HEAD check",aws/s3/upload_parsed.py; not called by any DAG directly,DEAD_UNUSED,LOW,local files,S3 objects,none,none,"HEAD-check idempotency is key-existence only, not content hash",Leave inactive
aws/s3/upload_parsed.py,aws/s3,aws,AWS S3,Thin wrapper calling upload_folder for parsed data,not called by any DAG,DEAD_UNUSED,LOW,local files,S3 objects,none,none,"One-line wrapper, unreferenced",Leave inactive
aws/s3/utils.py,aws/s3,aws,AWS S3,S3 client factory + object_exists HEAD-check helper,"aws/s3/download.py, upload.py",DEAD_UNUSED,LOW,n/a,boto3 client / bool,none,none,Helper module; only callers are themselves unreferenced,Leave inactive
scripts/parsing/build_ndma_dataset.py,scripts/parsing,parser,NDMA,Builds NDMA analytics JSON from parsed sitreps,"backfill_dag.py, manual_dag.py, ndma_dag.py, weekly_dag.py",CORRECT_WITH_MINOR_ISSUE,INFO,data/parsed/ndma/sitreps/*.json,data/analytics/ndma/*.json,none,none direct,Relief loop hardcodes province list against row[i+1] positionally with no header check,Add header-name verification instead of positional assumption
scripts/parsing/parse_ndma.py,scripts/parsing,parser,NDMA,Parses NDMA sitrep PDFs into structured JSON,"ndma_dag.py, backfill_dag.py, manual_dag.py, weekly_dag.py",CORRECT,INFO,"data/raw/ndma/reports/sitreps/all/pdfs/*.pdf (85 files, exists)",data/parsed/ndma/sitreps/*.json,dq.quarantine (via write_quarantine),tests/parsers/test_ndma_golden.py (5/5 pass),Fully Task-5-compliant: quarantine + rejection-ratio gate + per-file exception isolation,
scripts/parsing/parse_pdma.py,scripts/parsing,parser,PDMA,Orchestrates PDMA daily/rainfall/gauge parsing,"pdma_dag.py, backfill_dag.py, manual_dag.py, weekly_dag.py",CORRECT_WITH_MINOR_ISSUE,MEDIUM,"data/raw/pdma/reports/{daily,rainfall,gauge}_reports/<year>/pdfs/*.pdf (exists)","data/parsed/pdma/{daily,rainfall,gauge}/<year>/*.json",dq.quarantine,"tests/parsers/test_pdma_golden.py tests underlying functions directly, not orchestrator","Bare-name imports only work via sys.path hack, not safely importable as a package",Fix relative imports to proper package-relative form
scripts/parsing/parse_pdma_daily.py,scripts/parsing,parser,PDMA daily,Parses PDMA daily sitrep PDF,parse_pdma.py,CORRECT_WITH_MINOR_ISSUE,MEDIUM,daily_reports/<year>/pdfs/*.pdf,dict (report_date/temperature/rainfall/dams),dq.quarantine (via parse_pdma.py),tests/parsers/test_pdma_golden.py (5/5 pass),report_date stays a raw string (not parsed date); KNOWN_DAMS is a fixed 7-item list; unmapped dam status defaults to 'Unknown' string,Parse report_date to a real date; expand dam list or flag unknowns explicitly
scripts/parsing/parse_pmd.py,scripts/parsing,parser-shim,PMD,Thin launcher re-exporting pmd/pipeline.py main(),none (redundant entry point),DEAD_UNUSED,LOW,n/a,n/a,none,none,4-line shim duplicating pmd/pipeline.py's own __main__ guard,Remove or document as intentional CLI entry point
scripts/parsing/parse_rainfall.py,scripts/parsing,parser,PDMA rainfall,Parses PDMA rainfall PDF,parse_pdma.py,NEEDS_FIX,HIGH,rainfall_reports/<year>/pdfs/*.pdf,"dict (stations: [{station, rainfall_mm}])",dq.quarantine (via parse_pdma.py),"tests/parsers/test_pdma_golden.py (5/5), test_type_coercion.py","Leftover print() debug dumps in production; parse_numeric() not None-safe (raises TypeError); no 'T'/trace handling, silently dropped with no counter; dedup by station name last-wins",Remove debug prints; make parse_numeric None-safe; add trace handling + drop counter
scripts/parsing/parse_gauge.py,scripts/parsing,parser,PDMA gauge,Parses PDMA gauge PDF,parse_pdma.py,CORRECT_WITH_MINOR_ISSUE,MEDIUM,gauge_reports/<year>/pdfs/*.pdf,"dict (gauges: [{station, river, current_level_ft, ...}])",dq.quarantine (via parse_pdma.py),"tests/parsers/test_pdma_golden.py (5/5), test_type_coercion.py (dayfirst confirmed)","Hardcoded column indices row[3]/row[6]/row[9]/row[11] with only a len>=12 guard, no header verification; dedup by (station,river) last-wins silent",Add column-header verification instead of positional index assumption
scripts/parsing/common/ndma_information_extractor.py,scripts/parsing/common,parser-util,NDMA,Shared NDMA text extraction (report_number/date/subject/provinces/rivers/dams),parse_ndma.py,CORRECT_WITH_MINOR_ISSUE,LOW,raw text,extracted fields,none,exercised via test_ndma_golden.py,"Hardcoded whitelist matching for provinces/rivers/dams/events; unlisted entities invisible, no fallback bucket",Consider an 'other/unmatched' bucket with a count
scripts/parsing/common/ndma_parser.py,scripts/parsing/common,parser-util,NDMA,Duplicate of report_number/date/subject extraction,not imported (parse_ndma.py uses ndma_information_extractor.py instead),DUPLICATE,MEDIUM,n/a,n/a,none,none,"Byte-for-byte duplicate of functions in ndma_information_extractor.py; dead, will silently drift if edited independently",Delete this duplicate file
scripts/parsing/common/ndma_table_parser.py,scripts/parsing/common,parser-util,NDMA,Shared NDMA table structuring into casualties/damage/relief/rescue,parse_ndma.py (transitively),CORRECT_WITH_MINOR_ISSUE,MEDIUM,raw table rows,dict per table type,none,exercised via test_ndma_golden.py,"Header detection via substring match then hardcoded column indices (value(row,4) etc.) - reordered columns would silently misassign fields with no error",Add strict header-position verification before falling back to indices
scripts/parsing/common/parser_utils.py,scripts/parsing/common,parser-util,shared,Shared JSON writer (save_json),multiple parsers,CORRECT,INFO,dict,JSON file,none,none,"Straightforward, creates parent dirs, ensure_ascii=False",
scripts/parsing/common/pdf_reader.py,scripts/parsing/common,parser-util,shared,PDF text extraction wrapper (PyMuPDF/fitz),multiple parsers,CORRECT,INFO,PDF path,text/pages/page-count,none,none,"Clean wrapper, closes document properly",
scripts/parsing/common/pdf_table_reader.py,scripts/parsing/common,parser-util,shared,PDF table extraction wrapper (pdfplumber),multiple parsers,NEEDS_FIX,MEDIUM,PDF path,list of tables,none,none,Large commented-out dead implementation left in file; print() debug dumps of every table on every page in production code,Remove dead code and debug prints
scripts/parsing/common/text_cleaner.py,scripts/parsing/common,parser-util,shared,"Text normalization (NFKC, whitespace collapse)",multiple parsers,CORRECT,INFO,raw text,cleaned text,none,none,"Clean pipeline, no issues",
scripts/parsing/pmd/__init__.py,scripts/parsing/pmd,package,PMD,Package marker,n/a,CORRECT,INFO,n/a,n/a,none,none,"Empty, as expected",
scripts/parsing/pmd/alerts_parser.py,scripts/parsing/pmd,parser,PMD alerts,Parses PMD weather alert JSON,pmd/pipeline.py,CORRECT_WITH_MINOR_ISSUE,LOW,data/raw/pmd/reports/weather_alerts/all/latest.json (exists),dict (alert_type/severity/regions/...),none (no quarantine path - single-record parse),tests/parsers/test_pmd_golden.py (2/2 pass),"REGIONS map is English-only, no Urdu handling; bare dict indexing raw['category']/raw['scraped_at'] can KeyError-crash on malformed input",Use .get() with defaults instead of bare indexing
scripts/parsing/pmd/daily_parser.py,scripts/parsing/pmd,parser,PMD daily,Parses PMD daily forecast JSON,pmd/pipeline.py,CORRECT_WITH_MINOR_ISSUE,LOW,data/raw/pmd/reports/daily_forecast/all/latest.json (exists),list of dicts (city/district/province/temperature/...),none (per-row quarantine via write_quarantine),tests/parsers/test_pmd_golden.py (2/2 pass),Correctly Task-5-compliant (row_too_short/failed_weather_validation quarantined); redundant dead line 85 overwritten by line 87; bare raw['category']/raw['scraped_at'] can crash whole batch,Remove dead line; use .get() for top-level metadata keys
scripts/parsing/pmd/pipeline.py,scripts/parsing/pmd,parser-orchestrator,PMD,Orchestrates PMD daily/weekly/alerts parsing,"weekly_dag.py? (via parse_pmd.py — see DAG audit), manual invocation",CORRECT,INFO,n/a (delegates),"data/parsed/pmd/{daily_forecast,weekly_outlook,weather_alerts}/latest.json",dq.quarantine (aggregated),tests/parsers/test_pmd_golden.py,"Task 16A: now calls validation.pmd.schema.validate_daily/validate_weekly/validate_alert per-record, quarantining and dropping schema-invalid records via the same write_quarantine/REJECTION_THRESHOLD gate NDMA/PDMA use -- PMD now has DQ parity. Surfaced a real, previously-invisible data gap: 15 real PMD cities have no district mapping in scripts/parsing/pmd/utils.py.",
scripts/parsing/pmd/utils.py,scripts/parsing/pmd,parser-util,PMD,Shared PMD helpers incl. CITY_PROVINCE/CITY_DISTRICT map,daily_parser.py,NEEDS_FIX,MEDIUM,n/a,n/a,none,tests/parsers/test_type_coercion.py (extract_number),Own hardcoded city->province/district table diverges from validation/translator.py's richer table; daily_parser.py uses THIS file's smaller table for province/district but translator.py's normalize_city for city names - two disconnected sources of truth,Consolidate into one city/province/district source of truth
scripts/parsing/pmd/weekly_parser.py,scripts/parsing/pmd,parser,PMD weekly,Parses PMD weekly outlook JSON,pmd/pipeline.py,CORRECT_WITH_MINOR_ISSUE,LOW,data/raw/pmd/reports/weekly_outlook/all/latest.json (exists),list of dicts (date/weekday/regions/...),none (per-row quarantine),tests/parsers/test_pmd_golden.py (2/2 pass),Correctly quarantines row_too_short; region map has a duplicate identical Urdu string for Islamabad (likely copy-paste error meant as a spelling variant); bare raw[...] crash risk,Fix duplicate map entry; use .get() for top-level keys
validation/__init__.py,validation,package,shared,Package marker,n/a,CORRECT,INFO,n/a,n/a,none,none,"Empty, as expected",
validation/ndma/__init__.py,validation/ndma,package,NDMA,Package marker,n/a,CORRECT,INFO,n/a,n/a,none,none,"Empty, as expected",
validation/pdma/__init__.py,validation/pdma,package,PDMA,Package marker,n/a,CORRECT,INFO,n/a,n/a,none,none,"Empty, as expected",
validation/logger.py,validation,validation-util,shared,Shared validation logger appending to logs/validation.log,validation/validator.py,CORRECT,INFO,n/a,log file,none,none,"Simple file-append logger, no issues",
validation/mappings.py,validation,validation-util,PMD,Urdu to city/province/district map (9 entries),only consumed by the dead first normalize_city def in translator.py,CORRECT_WITH_MINOR_ISSUE,LOW,n/a,n/a,none,none,Effectively dead/unreachable data - the code path that reads it is shadowed by a later redefinition,"Remove if confirmed unreachable, or wire into the live normalize_city"
validation/rules.py,validation,validation-util,PMD,Shared field validators (temperature/humidity/city/forecast),validation/validator.py,CORRECT,INFO,field value,bool,none,tests/parsers/test_type_coercion.py (live defs only),"Task 16A: dead first definitions (pandas-based, is_empty, has_duplicates) removed. Only the live implementations remain; behavior unchanged and verified via existing tests/parsers/test_type_coercion.py (84/84 still pass).",
validation/translator.py,validation,validation-util,PMD,Urdu to English city/province/district translation,scripts/parsing/pmd/daily_parser.py (normalize_city only),CORRECT,INFO,raw city text,normalized city string,none,tests/parsers/test_type_coercion.py (live def only),"Task 16A: dead first normalize_city definition (dict-returning) and its validation.mappings.CITY_MAPPING import removed. Live (str-returning) definition unchanged, including its existing None-raising behavior (tests/parsers/test_type_coercion.py::test_normalize_city_none_raises still passes).",
validation/validator.py,validation,validation-util,PMD,PMD weather-record validator,scripts/parsing/pmd/daily_parser.py (transitively),CORRECT_WITH_MINOR_ISSUE,LOW,weather record dict,bool,none,exercised via daily_parser golden tests,Redundant local MIN/MAX temperature/humidity bounds duplicate validation/rules.py's bounds - currently consistent but could silently diverge,Import bounds from validation/rules.py instead of redefining
validation/ndma/completeness.py,validation/ndma,validation,NDMA,NDMA completeness scoring,parse_ndma.py (transitively),CORRECT,INFO,parsed record dict,int % + report dict,none,exercised via test_ndma_golden.py,"Weighted field-presence scoring, no fabrication",
validation/ndma/schema.py,validation/ndma,validation,NDMA,NDMA table-shape validation,parse_ndma.py (transitively),CORRECT,INFO,parsed record dict,"(bool, errors)",none,exercised via test_ndma_golden.py,Checks required tables/columns present on first row - a documented-acceptable simplification,
validation/ndma/score.py,validation/ndma,validation,NDMA,NDMA quality scoring,parse_ndma.py (transitively),CORRECT,INFO,completeness+errors,dict (valid/score/...),none,exercised via test_ndma_golden.py,"score=completeness-(errors*penalty), valid>=70 - matches parse_ndma.py's actual gate behavior",
validation/pdma/schema.py,validation/pdma,validation,PDMA,PDMA per-report-type schema validation,parse_pdma.py (transitively),CORRECT,INFO,parsed record dict,"(bool, errors)",none,exercised via test_pdma_golden.py (indirectly),Dispatches correctly on report_type; unknown type correctly errors,
validation/pdma/completeness.py,validation/pdma,validation,PDMA,PDMA completeness scoring,parse_pdma.py (transitively),CORRECT,INFO,parsed record dict,"{score, passed}",none,exercised via test_pdma_golden.py (indirectly),Per-type weighted field checklists match actual parser output keys,
validation/pdma/score.py,validation/pdma,validation,PDMA,PDMA quality scoring (schema 60% + completeness 40%),parse_pdma.py (transitively),CORRECT,INFO,schema+completeness results,dict,none,exercised via test_pdma_golden.py (indirectly),Reasonable thresholds; datetime.utcnow() deprecated but functional,
validation/pmd/completeness.py,validation/pmd,validation,PMD,PMD completeness scoring,not imported by any production code,DEAD_UNUSED,HIGH,n/a,n/a,none,none (never exercised),Fully written but never wired into pmd/pipeline.py - PMD has no pipeline-level quality gate unlike NDMA/PDMA,Wire into pmd/pipeline.py for DQ parity
validation/pmd/schema.py,validation/pmd,validation,PMD,PMD schema validation,not imported by any production code,CORRECT,INFO,n/a,n/a,none,none,Task 16A: now imported and called by scripts/parsing/pmd/pipeline.py -- no longer dead code.,
validation/pmd/score.py,validation/pmd,validation,PMD,PMD quality scoring,not imported by any production code (only self-referenced),DEAD_UNUSED,HIGH,n/a,n/a,none,none,Same as completeness.py - written but unused,Wire into pmd/pipeline.py
scripts/database/__init__.py,scripts/database,package,shared,Package marker,n/a,NOT_IMPLEMENTED,INFO,n/a,n/a,none,none,Empty file,
scripts/database/connection.py,scripts/database,db-util,shared,Re-exports engine from config.database,various scripts,CORRECT,INFO,n/a,SQLAlchemy engine,postgres (engine only),none,"Thin re-export, no issues",
scripts/database/create_dq_tables.py,scripts/database,ddl,shared,DDL for dq.quarantine,"hand-run only, not DAG-wired",CORRECT,INFO,n/a,dq.quarantine table,postgres (DDL),none,"Idempotent CREATE TABLE IF NOT EXISTS, single transaction",
scripts/database/create_geo_schema_tables.py,scripts/database,ddl,Geo,"DDL for geo.admin_unit, geo.name_alias",hand-run only,CORRECT,INFO,n/a,geo.admin_unit/name_alias tables,postgres (DDL),none,"Idempotent, hand-run per docstring",
scripts/database/create_geo_tables.py,scripts/database,ddl+seed,Geo,DDL + seed data for geo_locations,hand-run only,CORRECT,INFO,n/a,geo_locations table + rows,postgres (DDL+DML),none,"ON CONFLICT DO NOTHING, rowcount-based counts",
scripts/database/create_geo_views.py,scripts/database,ddl,Geo,Creates geo.resolved_observation_counts view,hand-run only; dashboard queries the view,CORRECT,INFO,n/a,geo.resolved_observation_counts view,postgres (DDL),none,"CREATE OR REPLACE VIEW, hand-run",
scripts/database/create_pmd_tables.py,scripts/database,ddl,PMD,DDL for pmd_daily_forecast/weekly_outlook/weather_alerts,hand-run only,CORRECT,INFO,n/a,pmd_* tables,postgres (DDL),none,Idempotent DDL + ALTER TABLE ADD COLUMN IF NOT EXISTS migrations,
scripts/database/create_risk_tables.py,scripts/database,ddl,Risk,DDL for operational_risk,hand-run only; risk_engine.py is dead code,NEEDS_FIX,HIGH,n/a,operational_risk table,postgres (DDL),none,Column list (district/province/lat/lon/weather_risk/...) does NOT match what risk_engine.py's INSERT actually writes (city/province/rainfall_mm/...) - would raise UndefinedColumn if risk_engine.py were ever run,Align DDL and loader column names before either is reactivated
scripts/database/create_tables.py,scripts/database,ddl,NDMA/PDMA/PMD,"Master DDL for ndma_*, pmd_*, pdma_* tables",hand-run only; columns match the 3 DAG-active loaders,CORRECT,INFO,n/a,"ndma_casualties/damage/relief/rescue, pdma_*, pmd_* tables",postgres (DDL),none,Column names verified to match load_ndma.py/load_pdma.py/load_pmd.py exactly,
scripts/database/load_ndma.py,scripts/database,loader,NDMA,Loads parsed NDMA sitrep JSON into Postgres,"ndma_dag.py, backfill_dag.py, manual_dag.py, weekly_dag.py",CORRECT,INFO,data/parsed/ndma/sitreps/*.json,ndma_casualties/damage/relief/rescue rows,postgres (DML),none direct,"All 5 Task-6 guarantees verified present: no TRUNCATE (comment documents its removal), per-row engine.begin() isolation, accurate counters, write_quarantine on failure, rejection-ratio sys.exit(1) gate. to_int does not strip commas (load_pdma.py's does) - minor inconsistency",Align to_int comma-stripping with load_pdma.py's version
scripts/database/load_ndma_v2.py,scripts/database,loader(broken dup),NDMA,Alternate NDMA loader,not referenced by any DAG,CORRECT,INFO,data/parsed/ndma/sitreps/*.json,attempts ndma_casualties/damage/relief/rescue,postgres (DML),none,"Task 16A: rewritten as a safe, deprecated wrapper delegating to load_ndma.py (the real, Task-6-hardened loader) instead of running its own TRUNCATE-based, schema-incompatible SQL.",
scripts/database/load_pdma.py,scripts/database,loader,PDMA,Loads parsed PDMA daily/rainfall/gauge JSON into Postgres,"pdma_dag.py, backfill_dag.py, manual_dag.py, weekly_dag.py",CORRECT,INFO,"data/parsed/pdma/{daily,rainfall,gauge}/<year>/*.json",pdma_daily_reports/rainfall_readings/gauge_readings rows,postgres (DML),none direct,"All 5 Task-6 guarantees present: no TRUNCATE, per-row/file engine.begin(), ON CONFLICT DO NOTHING + rowcount-based counts, write_quarantine on exception, rejection-ratio gate. to_int() relies on a broad except Exception catch rather than an explicit None check - degrades safely but implicit",Make to_int() explicitly None-safe rather than relying on the broad catch
scripts/database/load_pdma_gauge_json.py,scripts/database,loader(broken dup),PDMA gauge,Alternate PDMA gauge loader,not referenced by any DAG,CORRECT,INFO,data/parsed/pdma/gauge/**/*.json,attempts pdma_gauge_readings,postgres (DML),none,"Task 16A: rewritten as a safe, deprecated wrapper delegating to load_pdma.py::load_gauge_readings() instead of running its own TRUNCATE-based SQL.",
scripts/database/load_pmd.py,scripts/database,loader,PMD,Loads parsed PMD daily/weekly/alerts JSON into Postgres,"pmd_dag.py, backfill_dag.py, manual_dag.py, weekly_dag.py",CORRECT,INFO,"data/parsed/pmd/{daily_forecast,weekly_outlook,weather_alerts}/latest.json",pmd_daily_forecast/weekly_outlook/weather_alerts rows,postgres (DML),none direct,"All 5 Task-6 guarantees present: no TRUNCATE, per-row engine.begin(), SELECT-dedup + ON CONFLICT DO NOTHING, write_quarantine, rejection-ratio gate. Numeric fields (temperature/humidity) passed through raw with no to_float/None handling - relies on JSON already being correctly typed",Add explicit numeric coercion/validation for temperature/humidity fields
scripts/database/models.py,scripts/database,orm,PDMA,SQLAlchemy ORM model for a pdma_reports table,not imported anywhere else,DEAD_UNUSED,LOW,n/a,n/a,none (defines schema for a table that does not exist in DDL),none,"Declares pdma_reports, but actual PDMA tables are pdma_daily_reports/rainfall_readings/gauge_readings - stale/orphaned model",Delete or align with actual schema
scripts/database/test_connection.py,scripts/database,manual-script,shared,Manual DB connectivity check (SELECT version()),run manually,CORRECT,INFO,n/a,stdout,postgres (read-only),none,"Simple, read-only, no issues",
scripts/risk_engine/__init__.py,scripts/risk_engine,package,Risk,Package marker,n/a,NOT_IMPLEMENTED,INFO,n/a,n/a,none,none,Empty,
scripts/risk_engine/risk_engine.py,scripts/risk_engine,engine(dead),Risk,Computes operational_risk scores per city,"not invoked by any DAG or script - confirmed dead, matches original 'never executed' baseline",BROKEN,HIGH,"pmd_weather_alerts, pmd_daily_forecast, pdma_rainfall_readings, ndma_casualties, ndma_damage",operational_risk rows,postgres (DML),none,Unconditional TRUNCATE in one big transaction; INSERT column list does not match create_risk_tables.py's DDL (would raise UndefinedColumn); per-city queries have no WHERE clause so every city gets identical rainfall/casualties/damage values - a logic bug independent of the schema mismatch,Do not reactivate without fixing schema mismatch and per-city query bug
scripts/risk_engine/utils.py,scripts/risk_engine,engine-util,Risk,Helper functions (normalize/contains/score_to_level/recommendation),not imported by risk_engine.py or elsewhere,DEAD_UNUSED,LOW,n/a,n/a,none,none,Orphaned even within its own package,
scripts/warehouse/__init__.py,scripts/warehouse,package,Warehouse,Package marker,n/a,NOT_IMPLEMENTED,INFO,n/a,n/a,none,none,Empty,
scripts/warehouse/create_dim_station.py,scripts/warehouse,ddl(conflicting dup),Warehouse,DDL for dim_station with plain province TEXT column,not DAG-invoked,DUPLICATE,HIGH,n/a,dim_station table,postgres (DDL),none,"Conflicts with create_station_dimension.py's DDL for the SAME table name (province_key FK instead) - whichever runs first on a fresh DB silently wins, schema is non-deterministic by run order",Consolidate into a single dim_station DDL script before ever using either
scripts/warehouse/create_dimension_tables.py,scripts/warehouse,ddl,Warehouse,"DDL for dim_date, dim_province, dim_river",not DAG-invoked - confirmed dead per original baseline,CORRECT,INFO,n/a,dim_date/dim_province/dim_river tables,postgres (DDL),none,"Idempotent DDL, internally correct, just unused",
scripts/warehouse/create_fact_tables.py,scripts/warehouse,ddl,Warehouse,"DDL for fact_ndma_casualties/damage, fact_pdma_rainfall/gauge, fact_pmd_forecast",not DAG-invoked,CORRECT,INFO,n/a,fact_* tables,postgres (DDL),none,"Idempotent DDL with FKs, internally correct, just unused",
scripts/warehouse/create_station_dimension.py,scripts/warehouse,ddl(conflicting dup),Warehouse,DDL for dim_station with province_key INTEGER FK,not DAG-invoked,DUPLICATE,HIGH,n/a,dim_station table,postgres (DDL),none,See create_dim_station.py - two competing sources of truth for the same table,Consolidate into a single dim_station DDL script
scripts/warehouse/load_dim_date.py,scripts/warehouse,loader(dead),Warehouse,Loads dim_date from ndma_*/pdma_daily_reports dates,not DAG-invoked,NEEDS_FIX,MEDIUM,"ndma_*, pdma_daily_reports.report_date",dim_date rows,postgres (DML),none,Whole load in one engine.begin() - one bad row aborts all; idempotent via ON CONFLICT DO NOTHING,Add per-row isolation if ever reactivated
scripts/warehouse/load_dim_province.py,scripts/warehouse,loader(dead),Warehouse,Loads dim_province from a hardcoded dict,not DAG-invoked,NEEDS_FIX,LOW,hardcoded dict,dim_province rows,postgres (DML),none,"DELETE FROM then re-insert pattern (not TRUNCATE, but same wipe-and-reload idempotency style); no ON CONFLICT",Use ON CONFLICT DO NOTHING/UPDATE instead of DELETE-then-insert
scripts/warehouse/load_dim_river.py,scripts/warehouse,loader(dead),Warehouse,Loads dim_river from pdma_gauge_readings.river,not DAG-invoked,NEEDS_FIX,LOW,pdma_gauge_readings.river,dim_river rows,postgres (DML),none,Unconditional TRUNCATE ... RESTART IDENTITY CASCADE every run; one big transaction,Replace TRUNCATE with ON CONFLICT-based idempotency
scripts/warehouse/load_dim_station.py,scripts/warehouse,loader(dead),Warehouse,Loads dim_station from pdma_rainfall_readings/gauge_readings station names,not DAG-invoked,BROKEN,HIGH,"pdma_rainfall_readings.station, pdma_gauge_readings.station",dim_station rows,postgres (DML),none,Unconditional TRUNCATE; hardcodes province_key=1 for every station with no existence check; only compiles against ONE of the two conflicting dim_station DDL variants,Fix after resolving the dim_station DDL conflict; remove hardcoded FK assumption
scripts/warehouse/load_fact_ndma.py,scripts/warehouse,"loader(dead, dup)",Warehouse,Loads fact_ndma_casualties and fact_ndma_damage together,not DAG-invoked,NEEDS_FIX,MEDIUM,"ndma_casualties, ndma_damage",fact_ndma_casualties/damage rows,postgres (DML),none,"DELETE-then-reload; FK lookups silently 'continue' (skip) rows with no matching province, uncounted; functionally overlaps with load_fact_ndma_casualties.py + load_fact_ndma_damage.py (3 files, 2 different FK strategies for the same 2 tables)",Consolidate to one implementation; count/report FK-miss skips
scripts/warehouse/load_fact_ndma_casualties.py,scripts/warehouse,"loader(dead, dup)",Warehouse,Loads fact_ndma_casualties via INNER JOIN,not DAG-invoked,DUPLICATE,MEDIUM,"ndma_casualties JOIN dim_date, dim_province",fact_ndma_casualties rows,postgres (DML),none,TRUNCATE + INNER JOIN silently excludes unmatched rows uncounted; duplicates load_fact_ndma.py's casualties half with a different join strategy,Consolidate with load_fact_ndma.py
scripts/warehouse/load_fact_ndma_damage.py,scripts/warehouse,"loader(dead, dup)",Warehouse,Loads fact_ndma_damage via INNER JOIN,not DAG-invoked,DUPLICATE,MEDIUM,"ndma_damage JOIN dim_date, dim_province",fact_ndma_damage rows,postgres (DML),none,Same pattern/issues as load_fact_ndma_casualties.py,Consolidate with load_fact_ndma.py
scripts/warehouse/load_fact_pdma_gauge.py,scripts/warehouse,loader(dead),Warehouse,Loads fact_pdma_gauge via INNER JOIN,not DAG-invoked,NEEDS_FIX,MEDIUM,"pdma_gauge_readings JOIN dim_date, dim_station, dim_river",fact_pdma_gauge rows,postgres (DML),none,TRUNCATE + one big transaction; brittle UPPER(TRIM(...)) name-matching joins; silently drops unmatched rows uncounted; depends on the ambiguous dim_station schema,Fix after resolving dim_station DDL conflict
scripts/warehouse/load_fact_pdma_rainfall.py,scripts/warehouse,loader(dead),Warehouse,Loads fact_pdma_rainfall via INNER JOIN,not DAG-invoked,NEEDS_FIX,MEDIUM,"pdma_rainfall_readings JOIN dim_date, dim_station",fact_pdma_rainfall rows,postgres (DML),none,Same TRUNCATE + silent-drop pattern as load_fact_pdma_gauge.py,Same as load_fact_pdma_gauge.py
pipeline/utils/quarantine.py,pipeline/utils,db-util,shared,write_quarantine() - inserts rejection rows into Postgres dq.quarantine,"load_ndma.py, load_pdma.py, load_pmd.py, parse_ndma.py, parse_pdma.py, pmd/daily_parser.py, pmd/weekly_parser.py, scripts/geo/resolve_observations.py",CORRECT,INFO,rejection metadata,dq.quarantine row,"postgres (DML, isolated own transaction)","none direct, exercised via loader/parser golden tests","Non-raising (catches all exceptions, logs, returns False) so a DB-write failure never aborts the caller - correct design",
config/database.py,config,config,shared,Builds DATABASE_URL and SQLAlchemy engine from env,nearly every DB-touching script,CORRECT,INFO,env vars,SQLAlchemy engine,"postgres (engine construction only, lazy connect)",none,"Task 16A: password print removed, replaced with redact_credentials() + logger.info. Fixed.",
config/data_quality.py,config,config,shared,"REJECTION_THRESHOLD = 0.15, single shared DQ-gate constant","load_ndma.py, load_pdma.py, load_pmd.py, parse_ndma.py, parse_pdma.py, pmd/pipeline.py",CORRECT,INFO,n/a,constant,none,none,"Confirmed single source of truth, no duplicate definition elsewhere",
config/path.py,config,config,shared,"Path constants: RAW_DATA, PARSED_DATA, ANALYTICS_DATA, MODELS_DATA","scripts/geo/*, scripts/forecasting/*, scripts/acquisition/*",CORRECT,INFO,n/a,Path constants,none,none,All 4 referenced directories confirmed to exist on disk,
pipeline/dags/__init__.py,pipeline/dags,package,shared,Package marker,n/a,CORRECT,INFO,n/a,n/a,none,none,"Empty, as expected",
pipeline/dags/backfill_dag.py,pipeline/dags,dag,backfill_pipeline,Reparse+reload all 3 domains + upload to S3,Airflow scheduler (paused),CORRECT,LOW,n/a,n/a,"postgres (via load_*.py), S3 (dead code path if Glue steps uncommented)",tests/test_dag_integrity.py (import-only),"Task 16A: all Glue/Redshift references (imports, config, commented tasks/edges) removed. Dead upload_all_s3() wrapper (pre-existing, unrelated finding) left as-is.",
pipeline/dags/disaster_pipeline.py,pipeline/dags,dag,disaster_pipeline,Triggers ndma/pdma/pmd pipelines in sequence with wait_for_completion,Airflow scheduler (paused),NEEDS_FIX,HIGH,n/a,n/a,none directly (triggers other DAGs),tests/test_dag_integrity.py (import-only),TriggerDagRunOperator(wait_for_completion=True) on pdma_pipeline/pmd_pipeline while those DAGs ALSO carry independent overlapping 0 */6 * * * schedules with max_active_runs=1 - real deadlock/stall risk once unpaused; no execution_timeout anywhere so a stuck wait can hang forever,Do not unpause until the schedule-collision risk is resolved (e.g. remove independent schedules or the trigger-and-wait pattern)
pipeline/dags/manual_dag.py,pipeline/dags,dag,manual_pipeline,Manually-triggered single-source extract/parse/load/upload,"Airflow scheduler (paused), manual trigger only",CORRECT,LOW,n/a,n/a,"postgres, S3",tests/test_dag_integrity.py (import-only),"Linear chain, no deadlock risk, all 10 referenced scripts verified present, no scripts/acquisition/ reference",
pipeline/dags/ndma_dag.py,pipeline/dags,dag,ndma_pipeline,Extract/parse/build/load/upload NDMA sitreps,Airflow scheduler (paused),CORRECT,LOW,n/a,n/a,"postgres, S3",tests/test_dag_integrity.py (import-only),Task 16A: all Glue/Redshift references removed.,
pipeline/dags/pdma_dag.py,pipeline/dags,dag,pdma_pipeline,Extract/parse/load/upload PDMA reports,Airflow scheduler (paused),CORRECT,LOW,n/a,n/a,"postgres, S3",tests/test_dag_integrity.py (import-only),Task 16A: the latent NameError bug (glue_etl() calling undefined start_glue_job/GLUE_JOB) is eliminated -- the whole function and its dead imports were removed along with all other Glue/Redshift references.,
pipeline/dags/pmd_dag.py,pipeline/dags,dag,pmd_pipeline,Extract/validate/load/upload PMD reports,Airflow scheduler (paused),CORRECT,LOW,n/a,n/a,"postgres, S3",tests/test_dag_integrity.py (import-only),"Task 16A: all Glue/Redshift references removed, including the previously-live start_glue_job import.",
pipeline/dags/weekly_dag.py,pipeline/dags,dag,weekly_full_pipeline,Weekly extract-all/parse-all/load/upload + NDMA DQ audit,Airflow scheduler (paused),CORRECT_WITH_MINOR_ISSUE,MEDIUM,n/a,n/a,"postgres, S3",tests/test_dag_integrity.py (import-only),"Task 16A: all Glue/Redshift references removed (run_glue(), verify_redshift(), related config/imports). Still wires in no on_success/on_failure_callback (pre-existing, unrelated finding, unchanged).",Add task_success/task_failure callbacks for consistency with other DAGs
pipeline/config/__init__.py,pipeline/config,package,shared,Package marker,n/a,CORRECT,INFO,n/a,n/a,none,none,"Empty, as expected",
pipeline/config/default_args.py,pipeline/config,config(dead),shared,Shared DEFAULT_ARGS dict including execution_timeout=2h,NOBODY - grep confirms zero imports across all 7 DAGs,DEAD_UNUSED,MEDIUM,n/a,n/a,none,none,Docstring says 'import this into every DAG' but every DAG defines its own inline DEFAULT_ARGS with no execution_timeout instead - this is why no DAG has a task timeout today,Either wire this into every DAG or remove the misleading docstring
pipeline/config/setup_airflow.py,pipeline/config,script,shared,"One-off local dev bootstrap (admin user, airflow.cfg patch)","run manually, not imported",CORRECT_WITH_MINOR_ISSUE,LOW,n/a,airflow.cfg changes,none,none,Points dags_folder at <root>/airflow/dags but real DAGs live in pipeline/dags/ (mounted to /opt/airflow/dags in Docker) - stale path assumption for non-Docker local setup,Update path or document Docker-only usage
pipeline/helpers/__init__.py,pipeline/helpers,package,shared,Package marker,n/a,CORRECT,INFO,n/a,n/a,none,none,"Empty, as expected",
pipeline/helpers/aws_helper.py,pipeline/helpers,helper,shared,"S3 upload/Glue job helpers (upload_folder, upload_all, start_glue_job)","backfill_dag.py, manual_dag.py, ndma_dag.py, pdma_dag.py, pmd_dag.py, weekly_dag.py",CORRECT,INFO,local files,S3 objects / Glue job state,"S3 (active), Glue (dead path)",none,"Task 16A: all Glue-specific functions (wait_for_glue_job, start_glue_job, start_multiple_glue_jobs), the Glue boto3 client, and GLUE_POLL_INTERVAL/TERMINAL_STATES removed. Only S3 functionality remains.",
pipeline/helpers/email_helper.py,pipeline/helpers,helper,shared,SMTP email sender for failure alerts,pipeline/utils/task_callbacks.py,CORRECT,LOW,alert content,SMTP send,none,none,Gracefully no-ops with a warning if SMTP env vars are unset rather than crashing,
pipeline/helpers/postgres_helper.py,pipeline/helpers,helper(dead),shared,Thin wrappers load_ndma/pdma/pmd() around run_script,NOBODY - no DAG imports this,DEAD_UNUSED,LOW,n/a,n/a,none,none,Redundant with the load_postgres() functions defined inline in each DAG,
pipeline/helpers/script_runner.py,pipeline/helpers,helper,shared,"run_script(script, *args) subprocess runner - THE one actually used","manual_dag.py, ndma_dag.py, pdma_dag.py, pmd_dag.py, weekly_dag.py",CORRECT,LOW,script path + args,"subprocess stdout, elapsed time",none,none,"Live, correct implementation - confirmed by grep across all DAG imports",
pipeline/sensors/__init__.py,pipeline/sensors,package,shared,Package marker,n/a,CORRECT,INFO,n/a,n/a,none,none,"Empty, as expected",
pipeline/sensors/ndma_sensor.py,pipeline/sensors,sensor(dead),NDMA,check_new_pdf() - scrapes ndma.gov.pk for new PDF links,NOBODY - confirmed still dead by grep,DEAD_UNUSED,LOW,ndma.gov.pk,bool/list,none,none,"Confirmed still dead, matches original architecture assessment",
pipeline/sensors/pdma_sensor.py,pipeline/sensors,sensor(dead),PDMA,check_for_new_files() - compares local PDF folder to saved state,NOBODY,DEAD_UNUSED,LOW,local filesystem,bool/list,none,none,"Confirmed still dead, has only a __main__ local-test harness",
pipeline/sensors/pmd_sensor.py,pipeline/sensors,sensor(dead),PMD,check_new_pdf() - scrapes pmd.gov.pk for new PDF links,NOBODY,DEAD_UNUSED,LOW,pmd.gov.pk,bool/list,none,none,Confirmed still dead,
pipeline/utils/__init__.py,pipeline/utils,package,shared,Package marker,n/a,CORRECT,INFO,n/a,n/a,none,none,"Empty, as expected",
pipeline/utils/data_quality.py,pipeline/utils,validation(dead),shared,validate_pdma()/validate_ndma() JSON-file sanity checks,NOBODY - not wired into any DAG task,DEAD_UNUSED,MEDIUM,parsed JSON,bool/report,none,none,Fully implemented but no DAG task runs a data-quality gate on parsed JSON before Postgres load using this module,"Wire into a DAG task, or remove if superseded by per-parser quarantine gates"
pipeline/utils/logger.py,pipeline/utils,util(dead),shared,get_logger(name) standard logging.Logger factory,NOBODY - every module uses logging.getLogger(__name__) directly instead,DEAD_UNUSED,LOW,n/a,logging.Logger,none,none,Bypassed everywhere in favor of direct stdlib calls,
pipeline/utils/notification.py,pipeline/utils,util(dead),shared,notify_success/skipped/failed print-based notifiers,NOBODY,DEAD_UNUSED,LOW,n/a,stdout,none,none,Superseded in practice by task_callbacks.py's send_slack/send_email pattern,
pipeline/utils/pipeline_logger.py,pipeline/utils,util(dead),shared,log_pipeline() - writes a row to Postgres pipeline_logs table,NOBODY,DEAD_UNUSED,LOW,run metadata,pipeline_logs row,postgres (dead path - table does not exist),none,No DAG task or script calls log_pipeline(); dashboard queries pipeline_logs which is created by nothing - this file would be the fix but is unwired,"Wire into DAGs and create the pipeline_logs table, or remove the dashboard's dependent query"
pipeline/utils/sns_alert.py,pipeline/utils,util(dead),shared,SNSAlert class - publish to an SNS topic,NOBODY,DEAD_UNUSED,LOW,alert content,SNS publish,AWS SNS (dead path),none,Unimported; SNS path not wired into task_callbacks.py's stub placeholders,
pipeline/utils/task_callbacks.py,pipeline/utils,callback,shared,task_success/task_failure/dag_success/dag_failure Airflow callbacks,"backfill_dag.py, manual_dag.py, ndma_dag.py, pdma_dag.py, pmd_dag.py (task-level); backfill_dag.py, disaster_pipeline.py (DAG-level)",CORRECT_WITH_MINOR_ISSUE,MEDIUM,task/DAG context,email/Slack notification,none,none,"Confirmed: task_success() correctly has email removed (Task 3 fix verified present); task_failure() correctly still emails. BUT dag_success() still calls send_email() - the 'no email on success' fix was only applied at task level, not DAG level; weekly_dag.py wires in none of these 4 callbacks at all",Remove dag_success()'s email call for consistency; wire callbacks into weekly_dag.py
dashboard/db.py,dashboard,db-access,shared,All dashboard SQL access + _read_sql wrapper,every dashboard page/section,CORRECT,INFO,postgres tables,pandas DataFrame,postgres (read-only queries),tests/dashboard/ does not cover db.py directly,"Task 16A: password print removed; _read_sql() now distinguishes expected missing-table errors (WARNING) from unexpected failures (ERROR, full traceback) instead of swallowing both silently; get_latest_weather()/get_weather_summary() now query the real pmd_daily_forecast table instead of nonexistent pmd_weather. pipeline_logs query remains (honestly logged as an expected, tracked gap, not fabricated).",Create and populate pipeline_logs in a future task if last_update should be non-null
dashboard/Home.py,dashboard,page,shared,Main dashboard entrypoint wiring all sections,Streamlit app entry,CORRECT,INFO,n/a (wires imports),rendered page,"postgres (via db.py, sections)",none direct,All imports resolve correctly,
dashboard/__init__.py,dashboard,package,shared,Package marker,n/a,CORRECT,INFO,n/a,n/a,none,none,"Empty, as expected",
dashboard/charts/__init__.py,dashboard/charts,package,shared,Package marker,n/a,CORRECT,INFO,n/a,n/a,none,none,Empty,
dashboard/charts/disaster_charts.py,dashboard/charts,chart,NDMA,"NDMA disaster charts (province risk, heatmap, trend)",sections/disaster.py,CORRECT,INFO,DataFrame,Plotly figure,none (pure display),none,"No SQL, no fabricated data",
dashboard/charts/geo_charts.py,dashboard/charts,chart,Geo,Geo Intelligence bar chart,sections/geo_intelligence.py,CORRECT,INFO,DataFrame,Plotly figure,none,none,Consumes by_admin_unit DataFrame only,
dashboard/components/__init__.py,dashboard/components,package,shared,Package marker,n/a,CORRECT,INFO,n/a,n/a,none,none,Empty,
dashboard/components/alerts.py,dashboard/components,component,shared,Alert center + platform-health banner,Home.py,CORRECT_WITH_MINOR_ISSUE,MEDIUM,dashboard summary dict,rendered widget,"none (reads dict, not DB)",none,"Health score hardcoded binary 100/60 based on last_update is None - since pipeline_logs doesn't exist, last_update is always None, so this always shows degraded/60% regardless of actual pipeline state",Fix once pipeline_logs table / dashboard.db.get_dashboard_summary() is fixed
dashboard/pages/1_NDMA_Casualties.py,dashboard/pages,page,NDMA,Standalone NDMA casualties page,Streamlit auto-discovery,CORRECT_WITH_MINOR_ISSUE,MEDIUM,ndma_casualties (via get_casualties()),rendered page,postgres (via db.py),none direct,Own ~580-line inline CSS block duplicating a different token system than every other page,Consolidate onto dashboard/styles/theme.py
dashboard/pages/2_NDMA_Damage.py,dashboard/pages,page,NDMA,Standalone NDMA damage page,Streamlit auto-discovery,CORRECT_WITH_MINOR_ISSUE,MEDIUM,ndma_damage (via get_damage()),rendered page,postgres (via db.py),none direct,"Same CSS duplication pattern, different token names",Consolidate onto dashboard/styles/theme.py
dashboard/pages/3_PMD_Weather.py,dashboard/pages,page,PMD,Standalone PMD weather page,Streamlit auto-discovery,CORRECT_WITH_MINOR_ISSUE,MEDIUM,"pmd_daily_forecast, pmd_weather_alerts (via db.py)",rendered page,postgres (via db.py),none direct,Same CSS duplication pattern; relies correctly on db.py functions (get_pmd_weather now fixed to query real table),Consolidate onto dashboard/styles/theme.py
dashboard/pages/4_PDMA_Rainfall.py,dashboard/pages,page,PDMA,Standalone PDMA rainfall page,Streamlit auto-discovery,CORRECT_WITH_MINOR_ISSUE,MEDIUM,pdma_rainfall_readings (via get_rainfall()),rendered page,postgres (via db.py),none direct,4th independent CSS design system ('Obsidian Enterprise'),Consolidate onto dashboard/styles/theme.py
dashboard/pages/5_PDMA_Rivers.py,dashboard/pages,page,PDMA,Standalone PDMA river page,Streamlit auto-discovery,CORRECT_WITH_MINOR_ISSUE,MEDIUM,pdma_gauge_readings (via get_gauge()),rendered page,postgres (via db.py),none direct,Same CSS duplication pattern,Consolidate onto dashboard/styles/theme.py
dashboard/sections/__init__.py,dashboard/sections,package,shared,Package marker,n/a,CORRECT,INFO,n/a,n/a,none,none,Empty,
dashboard/sections/disaster.py,dashboard/sections,section,NDMA,Home disaster snapshot,Home.py,CORRECT,INFO,DataFrame,rendered widget,none,none,"Imports disaster_charts.py correctly, no fabricated data",
dashboard/sections/geo_intelligence.py,dashboard/sections,section,Geo,Home geo-observation snapshot,Home.py,CORRECT,INFO,geo.resolved_observation_counts view (via get_geo_summary()),rendered widget,"postgres (read-only, via db.py)",none direct,"Legitimately backed by real geo.admin_unit/geo.name_alias tables, not fabricated",
dashboard/styles/theme.py,dashboard/styles,style-loader,shared,"CSS loader for Home.py (reads styles/style.css, 949 lines)",Home.py only,CORRECT,INFO,style.css,CSS injected into page,none,none,"Good single-source design system, but only Home.py uses it - pages/*.py bypass it entirely with their own CSS",
dashboard/utils/__init__.py,dashboard/utils,package,shared,Package marker,n/a,CORRECT,INFO,n/a,n/a,none,none,Empty,
dashboard/utils/formatter.py,dashboard/utils,util(dead),shared,Reserved formatter stub,NOBODY - not imported anywhere in the repo,DEAD_UNUSED,LOW,n/a,n/a,none,none,"Contains only a docstring, no code",Remove or implement
dashboard/utils/geo_helpers.py,dashboard/utils,util,Geo,Geo-observation aggregation (reshapes DataFrame from get_geo_summary()),sections/geo_intelligence.py,CORRECT,INFO,DataFrame from db.get_geo_summary(),reshaped DataFrame,"none (pure pandas, no DB import)","tests/dashboard/test_geo_helpers.py (5/5 pass, real logic not mocked)",Does not use geo.admin_unit/geo.name_alias or scripts/geo/canonical_data.py directly - correctly reshapes the already-resolved view output; no separate hardcoded province map found here,
dashboard/utils/helpers.py,dashboard/utils,util(dup),shared,Shared river-risk classifier classify_river_risk(),"intended to be shared, but sections/hydrology.py has its own local copy instead",DUPLICATE,LOW,level/danger threshold,risk label,none,none,Docstring describes this as the consolidated version but the consolidation is incomplete - hydrology.py never calls it,Make sections/hydrology.py call this shared function
dashboard/utils/search.py,dashboard/utils,util,shared,Shared table search helper,sections/weather.py,CORRECT,INFO,DataFrame + query string,filtered DataFrame,none,none,"In-memory filtering only, no SQL",
scripts/geo/__init__.py,scripts/geo,package,Geo,Package marker,n/a,CORRECT,INFO,n/a,n/a,none,none,Empty,
scripts/geo/canonical_data.py,scripts/geo,data,Geo,Pure static province/district canonical data + aliases,"resolver.py, seed_admin_units.py, resolve_observations.py, tests",CORRECT,INFO,n/a (static data),Python data structures,none (no DB/IO at import),tests/geo/test_canonical_data.py (8/8 pass),"Data provenance well-documented, caveats flagged inline",
scripts/geo/resolver.py,scripts/geo,logic,Geo,Pure name-resolution logic (exact/alias/normalized/fuzzy/unresolved),"resolve_observations.py, tests",CORRECT,INFO,raw name string,"(admin_unit_key, method, confidence, status)",none,tests/geo/test_resolver.py (24/24 pass),"Deliberately never mixes admin levels, verified by test",
scripts/geo/seed_admin_units.py,scripts/geo,script,Geo,Idempotent seed of geo.admin_unit from canonical_data,"manual run only, not in any DAG",CORRECT,LOW,canonical_data.py,geo.admin_unit rows,"postgres (DML, only writes geo.admin_unit)",none direct,"engine.begin() only inside main()/__main__ guard, not import-time",
scripts/geo/resolve_observations.py,scripts/geo,script,Geo,"Reads ndma_*/pdma_*/pmd_* tables read-only, resolves geo strings, upserts geo.name_alias","manual run only, not in any DAG",CORRECT,LOW,"ndma_*, pdma_*, pmd_* raw geo columns",geo.name_alias rows,"postgres (SELECT on source tables, DML only on geo.name_alias)",none direct,Correctly excludes ndma_relief.province (documented pre-existing data bug) and pdma_gauge_readings.river,
scripts/geo/summary_format.py,scripts/geo,logic,Geo,Pure formatting: DB rows to flat JSON records,"geo_summary.py, tests",CORRECT,INFO,DB row dicts,flat JSON records,none,tests/geo/test_summary_format.py (5/5 pass),"No DB/IO, deterministic sort",
scripts/geo/geo_summary.py,scripts/geo,script,Geo,"Reads geo.resolved_observation_counts view, writes analytics JSON","manual run only, not in any DAG",CORRECT,LOW,geo.resolved_observation_counts view,data/analytics/geo/geo_summary.json,postgres (read-only),none direct,"engine.connect() only inside main(), guarded by __main__",
scripts/forecasting/__init__.py,scripts/forecasting,package,Forecasting,Package marker,n/a,CORRECT,INFO,n/a,n/a,none,none,Empty,
scripts/forecasting/features.py,scripts/forecasting,logic,Forecasting,Lag/rolling feature engineering + chronological (leakage-free) split,"gauge_discharge_forecast.py, tests",CORRECT,INFO,DataFrame,DataFrame with lag/rolling features,none,tests/forecasting/test_features.py (12/12 pass),"No DB/IO, leakage-free by construction",
scripts/forecasting/gauge_discharge_forecast.py,scripts/forecasting,script,PDMA gauge/Forecasting,Baseline persistence + LinearRegression forecast for gauge discharge,"manual run only, not in any DAG",CORRECT,LOW,pdma_gauge_readings (read-only),model artifact + data/analytics/pdma/gauge_forecast.json,postgres (read-only),"tests/forecasting/test_prediction_schema.py (fails to collect in venv: ModuleNotFoundError sklearn - known env split, sklearn only in Docker image)","engine.connect() only inside functions called from main(), not import-time; avoids pandas.read_sql() due to a documented SQLAlchemy/pandas version incompatibility",
scripts/audit/check_ndma.py,scripts/audit,manual-script,NDMA,One-off manual NDMA relief data-quality checks (4 hardcoded SQL checks),not referenced by any DAG or other script (only in README.md),DEAD_UNUSED,LOW,postgres ndma_relief,stdout,postgres (read-only),none,Superseded functionally by ndma_data_quality_audit.py,Remove or document as a manual debugging aid
scripts/audit/ndma_data_quality_audit.py,scripts/audit,script,NDMA,Table-driven NDMA data-quality audit across 4 tables,"weekly_dag.py (via run_script) - actually wired into the pipeline, runs weekly",CORRECT_WITH_MINOR_ISSUE,MEDIUM,postgres ndma_* tables + information_schema,logs/ndma_data_quality_report.json,postgres (read-only),none,"Builds SQL via f-string interpolation of table/column names sourced from a hardcoded list (not user input, so no live injection risk today) but the pattern is fragile/non-parameterized",Parameterize or at minimum whitelist-validate table/column names defensively
config/__init__.py,config,package,shared,Package marker,n/a,CORRECT,INFO,n/a,n/a,none,none,Empty,
config/aws_config.py,config,config,AWS,AWS credentials from env via .env/dotenv,"14 files under aws/, pipeline/",CORRECT,LOW,env vars,AWS config values,none,none,"No hardcoded secrets, reads from env only",
config/config.py,config,config(dead),WAQI,"Loads WAQI_API_TOKEN from env, raises ValueError at import time if missing",NOBODY - not imported anywhere,DEAD_UNUSED,LOW,env var,constant,none,none,Import-time raise is a latent landmine for any future reuse if .env lacks the var,"Guard with a lazy check instead of import-time raise, or remove if truly unused"
config/logging_config.py,config,config,shared,Configures root logging (basicConfig) + module logger,various scripts,CORRECT_WITH_MINOR_ISSUE,LOW,n/a,logging config,none,none,Module-level logging.basicConfig() call is an import-order-sensitive side effect (standard Python caveat),
config/settings.py,config,config,shared,App name/version/environment constants,minimal/informational use,CORRECT,INFO,n/a,constants,none,none,"Static constants only, no side effects",
scripts/acquisition/__init__.py,scripts/acquisition,package,Acquisition,Package marker + scope docstring,n/a,CORRECT,INFO,n/a,n/a,none,none,"Reuses HTTPClient headers, not its retry logic",
scripts/acquisition/client.py,scripts/acquisition,http-client,Acquisition,FetchResult dataclass + fetch/fetch_json/fetch_binary with real status/content-type/HTML-detection,acquire_*.py scripts,CORRECT,INFO,any URL,FetchResult,none,tests/acquisition/test_client.py (9/9 pass),"Validated in Task 15: preserves real HTTP status, rejects HTML-as-JSON, rejects content-type mismatches",
scripts/acquisition/raw_store.py,scripts/acquisition,storage,Acquisition,Immutable raw artifact storage with read-back checksum verification,pipeline.py,CORRECT,INFO,bytes + metadata,SavedArtifact + file on disk,none,tests/acquisition/test_raw_store.py (6/6 pass),Verified in Task 15 to correctly handle the Windows read-back timing issue; never records an unverifiable checksum,
scripts/acquisition/manifest.py,scripts/acquisition,provenance,Acquisition,Provenance manifest JSONL read/write,"pipeline.py, run_tier1_acquisition.py",CORRECT,INFO,artifact metadata,data/raw/manifests/*.jsonl,none,tests/acquisition/test_manifest.py (8/8 pass),"Enforces required fields, append-only",
scripts/acquisition/failures.py,scripts/acquisition,failure-log,Acquisition,Local file-based acquisition failure log (not Postgres dq.quarantine),"acquire_*.py, pipeline.py",CORRECT,INFO,failure metadata,data/raw/manifests/acquisition_failures.jsonl,"none (deliberately not postgres, per Task 15 zero-DB-write constraint)",exercised via test_manifest_integrity.py,"Never raises, safe to call from any failure path",
scripts/acquisition/pipeline.py,scripts/acquisition,orchestration,Acquisition,save_fetch_result() centralizing helper,all 4 acquire_*.py scripts,CORRECT,INFO,FetchResult,ACQUIRED/FAILED outcome dict,none,exercised via test_manifest_integrity.py,Avoids duplicating write-verification handling across 4 scripts,
scripts/acquisition/acquire_suparco_disasterwatch.py,scripts/acquisition,acquirer,SUPARCO,Acquires SUPARCO DisasterWatch global-themes/campaigns JSON,"run_tier1_acquisition.py, manual run",CORRECT,INFO,saccs.sgs-suparco.gov.pk API,data/raw/suparco/disasterwatch/<date>/*.json,none,real acquisition verified in Task 15 (4 artifacts),"Fully working, real data acquired and checksum-verified",
scripts/acquisition/acquire_aqi_punjab.py,scripts/acquisition,acquirer,EPA Punjab AQI,Acquires districts/station-list/calendar JSON with Origin/Referer headers,"run_tier1_acquisition.py, manual run",CORRECT,INFO,aqi.punjab.gov.pk API,data/raw/epa_punjab/aqi_punjab/<date>/*.json,none,real acquisition verified in Task 15 (6 artifacts),"Fully working, real data acquired and checksum-verified",
scripts/acquisition/acquire_ffc.py,scripts/acquisition,acquirer,FFC,Acquires FFC homepage + DFSR/GLOF archive listing + controlled PDF batch,"run_tier1_acquisition.py, manual run",CORRECT,INFO,ffc.gov.pk,"data/raw/ffc/{reservoir_levels,dfsr_glof_archive}/<date>/*",none,real acquisition verified in Task 15 (20 artifacts),Fully working; the Windows read-back timing issue was diagnosed and fixed against this source specifically,
scripts/acquisition/acquire_ndmc_bulletins.py,scripts/acquisition,acquirer,PMD/NDMC,Acquires bulletins listing + controlled PDF batch,"run_tier1_acquisition.py, manual run",CORRECT,INFO,weather.gov.pk/ndmc/bulletins,data/raw/pmd_ndmc/bulletins/<date>/*,none,real acquisition verified in Task 15 (13 artifacts),"4/5 PDFs succeed per run; 1 URL is a genuine, correctly-logged 404 on the source site",
scripts/acquisition/run_tier1_acquisition.py,scripts/acquisition,orchestrator,Acquisition,Orchestrates all 4 acquire_*.py + writes acquisition_summary.json,"manual run only, not in any DAG",CORRECT,INFO,n/a (calls other acquirers),data/raw/manifests/acquisition_summary.json,none,exercised end-to-end in Task 15's final run,"Not wired into any DAG, exactly as Task 15 specified",
pipeline/__init__.py,pipeline,package,shared,Package marker,n/a,CORRECT,INFO,n/a,n/a,none,none,"Empty, as expected",
scripts/__init__.py,scripts,package,shared,Package marker,n/a,CORRECT,INFO,n/a,n/a,none,none,"Empty, as expected",
scripts/extraction/common/__init__.py,scripts/extraction/common,package,shared,Package marker,n/a,CORRECT,INFO,n/a,n/a,none,none,"Empty, as expected",
tests/__init__.py,tests,package,shared,Package marker,n/a,CORRECT,INFO,n/a,n/a,none,none,"Empty, as expected",
tests/test_dag_integrity.py,tests,test,DAGs,DagBag import-error / owner / tag checks (Task 7),run inside airflow_webserver container only,CORRECT,INFO,pipeline/dags/*.py,pass/fail,none (reads DAG files only),self,"Fails in venv with ModuleNotFoundError: airflow.models by documented design (needs the real airflow package); passes inside Docker container (4/4 tests, confirmed this session)",
tests/acquisition/__init__.py,tests/acquisition,package,Acquisition,Package marker,n/a,CORRECT,INFO,n/a,n/a,none,none,Empty,
tests/acquisition/conftest.py,tests/acquisition,test-fixture,Acquisition,sys.path setup for acquisition tests,tests/acquisition/*,CORRECT,INFO,n/a,n/a,none,self,"No live network calls, documented in docstring",
tests/acquisition/test_client.py,tests/acquisition,test,Acquisition,Validates client.py fetch/fetch_json/fetch_binary via monkeypatched session,pytest,CORRECT,INFO,mocked responses,pass/fail,none (fully mocked),self,"9/9 pass, confirmed this session",
tests/acquisition/test_manifest.py,tests/acquisition,test,Acquisition,Validates manifest.py record building/writing,pytest,CORRECT,INFO,"in-memory records, tmp_path",pass/fail,none,self,"8/8 pass, confirmed this session",
tests/acquisition/test_manifest_integrity.py,tests/acquisition,test,Acquisition,Validates real acquired data against real manifests (checksum re-verification),pytest,CORRECT,INFO,data/raw/manifests/*.jsonl + real files on disk,pass/fail,none (reads local files only),self (integration-style),"7/7 pass via venv against real Task 15 data; 3/7 fail inside the Linux Docker container purely because manifest local_path values are Windows-absolute host paths not valid in the container filesystem - a cross-environment path-portability limitation, not a data defect (independently re-verified: 91/91 checksums match via venv)",Consider storing a relative local_path in the manifest for cross-environment portability
tests/acquisition/test_raw_store.py,tests/acquisition,test,Acquisition,Validates raw_store.py save/dedup/checksum logic,pytest,CORRECT,INFO,tmp_path (no live network/DB),pass/fail,none,self,"6/6 pass, confirmed this session",
tests/dashboard/__init__.py,tests/dashboard,package,Dashboard,Package marker,n/a,CORRECT,INFO,n/a,n/a,none,none,Empty,
tests/dashboard/conftest.py,tests/dashboard,test-fixture,Dashboard,"sys.path setup, no DB/Streamlit dependency",tests/dashboard/*,CORRECT,INFO,n/a,n/a,none,self,No DB/Streamlit dependency,
tests/dashboard/test_geo_helpers.py,tests/dashboard,test,Dashboard/Geo,Validates dashboard/utils/geo_helpers.py real logic against in-memory DataFrames,pytest,CORRECT,INFO,in-memory DataFrames,pass/fail,none,self,"5/5 pass, confirmed genuinely exercises real (non-mocked) logic - only test file covering dashboard/, no other dashboard component has any test",Add coverage for dashboard/db.py's query-building logic (currently zero coverage of the file with the most critical findings)
tests/forecasting/__init__.py,tests/forecasting,package,Forecasting,Package marker,n/a,CORRECT,INFO,n/a,n/a,none,none,Empty,
tests/forecasting/conftest.py,tests/forecasting,test-fixture,Forecasting,"sys.path setup, notes engine is lazy not import-time",tests/forecasting/*,CORRECT,INFO,n/a,n/a,none,self,Correctly notes DB engine is lazy,
tests/forecasting/test_features.py,tests/forecasting,test,Forecasting,Validates lag/rolling feature engineering + chronological split,pytest,CORRECT,INFO,synthetic DataFrames,pass/fail,none,self,"12/12 pass, confirmed this session",
tests/forecasting/test_prediction_schema.py,tests/forecasting,test,Forecasting,Validates prediction-record schema/guard logic,pytest (venv: fails to collect),CORRECT_WITH_MINOR_ISSUE,LOW,tiny real-data fixture,pass/fail,none,self,"Fails to collect in venv only (ModuleNotFoundError: sklearn - sklearn added to Docker image only, not venv requirements.txt); not a code defect","Add sklearn to venv requirements for local test runs, or document the split explicitly"
tests/geo/__init__.py,tests/geo,package,Geo,Package marker,n/a,CORRECT,INFO,n/a,n/a,none,none,Empty,
tests/geo/conftest.py,tests/geo,test-fixture,Geo,"sys.path setup, no DB fixtures needed",tests/geo/*,CORRECT,INFO,n/a,n/a,none,self,"Modules under test have no DB import, so no DB fixture needed",
tests/geo/test_canonical_data.py,tests/geo,test,Geo,Validates canonical_data.py structure/invariants,pytest,CORRECT,INFO,canonical_data.py,pass/fail,none,self,"8/8 pass, confirmed this session",
tests/geo/test_resolver.py,tests/geo,test,Geo,Validates resolver.py logic incl. level-isolation,pytest,CORRECT,INFO,synthetic candidate pools,pass/fail,none,self,"24/24 pass, confirmed this session",
tests/geo/test_summary_format.py,tests/geo,test,Geo,Validates summary_format.py,pytest,CORRECT,INFO,synthetic DB rows,pass/fail,none,self,"5/5 pass, confirmed this session",
tests/parsers/__init__.py,tests/parsers,package,Parsers,Package marker,n/a,CORRECT,INFO,n/a,n/a,none,none,Empty,
tests/parsers/conftest.py,tests/parsers,test-fixture,Parsers,sys.path setup for golden-file tests,tests/parsers/*,CORRECT,INFO,n/a,n/a,none,self,No DB dependency,
tests/parsers/test_ndma_golden.py,tests/parsers,test,NDMA,Golden-file regression test for parse_ndma.py against 5 real PDFs incl. 1 rejection-path,pytest,CORRECT,INFO,5 real PDFs under data/raw/ndma/,pass/fail,none,self,"5/5 pass; confirmed this session to genuinely match current parser behavior, not stale/tautological",
tests/parsers/test_pdma_golden.py,tests/parsers,test,PDMA,Golden-file regression test for parse_pdma_daily/parse_rainfall/parse_gauge against 15 real PDFs,pytest,CORRECT,INFO,15 real PDFs under data/raw/pdma/,pass/fail,none,self,15/15 pass; tests underlying parser functions directly since parse_pdma.py orchestrator isn't safely importable as a package,
tests/parsers/test_pmd_golden.py,tests/parsers,test,PMD,Golden-file regression test for daily/weekly/alerts parsers against real + derived-negative-path fixtures,pytest,CORRECT,INFO,real latest.json + derived truncated-row fixtures,pass/fail,none,self,6/6 pass; docstrings self-document known limitations (single-snapshot PMD archival gap) rather than hiding them,
tests/parsers/test_type_coercion.py,tests/parsers,test,shared,Validates to_int/to_float/parse_date/parse_numeric/extract_number/rules/translator across all sources,pytest,CORRECT,INFO,literal test values,pass/fail,none (load_ndma tested via engine mock),self,"Confirmed real, current comma-handling/None-safety/dayfirst differences across load_ndma.py vs load_pdma.py; correctly surfaces the validation/rules.py and validation/translator.py double-definition shadowing behavior",
tests/source_inventory/__init__.py,tests/source_inventory,package,Source Inventory,Package marker,n/a,CORRECT,INFO,n/a,n/a,none,none,Empty,
tests/source_inventory/conftest.py,tests/source_inventory,test-fixture,Source Inventory,"Points to docs/source_inventory/*.csv, sys.path setup",tests/source_inventory/*,CORRECT,INFO,docs/source_inventory/*.csv,n/a,none,self,"Reads static checked-in CSVs only, no DB/network",
tests/source_inventory/test_historical_coverage.py,tests/source_inventory,test,Source Inventory,Validates docs/source_inventory/historical_coverage.csv,pytest (venv only - docs/ not mounted in Docker),CORRECT,INFO,docs/source_inventory/historical_coverage.csv,pass/fail,none,self,"12/12 pass via venv; fails to collect inside Docker container because docs/ is not a mounted volume (documented, known, by design)",
tests/source_inventory/test_source_inventory.py,tests/source_inventory,test,Source Inventory,Validates docs/source_inventory/source_inventory.csv,pytest (venv only),CORRECT,INFO,docs/source_inventory/source_inventory.csv,pass/fail,none,self,12/12 pass via venv; same Docker-mount limitation as test_historical_coverage.py,
