source_organization,dataset_or_material,hazard_family,classification,earliest_verified,latest_verified,historical_depth,current_or_live,geography,geographic_granularity,format,access_method,official_url,estimated_file_count,estimated_record_count,estimated_storage,freshness,priority,acquisition_tier,pori_use,verification_status,notes
IRSA,Daily Data (reservoir/river situation),River/Reservoir,LIVE_CURRENT,Unknown / Requires verification,2026-09-15,Only a rolling ~8-day window of dated PDF links observed (08-15 Sep 2026); no archive/pagination found for this listing,Live/current,National (Indus system),"Reservoir/barrage (not independently confirmed inside the PDF; Tarbela/Mangla/Chashma reported by a prior web search, not opened this session)",PDF,Manual download (per-day link); PDF file itself triggered a browser download and could not be opened inline this session,http://pakirsa.gov.pk/DailyData.aspx,Unknown / Requires verification,Unknown / Requires verification,Unknown / Requires verification,Daily,P1,Tier 2,"Would complement pdma_gauge_readings with authoritative reservoir figures, if content can be parsed",PARTIALLY_VERIFIED,ARCHIVE_PAGE_VERIFIED only. Actual table columns/fields NOT VERIFIED (file downloads instead of rendering). A 'Login' nav item suggests some content may be access-restricted beyond the public rolling window.
PMD / NDMC,"Bulletins (Weekly Weather Update, Monthly/Fortnightly/Quarterly Drought Bulletin)",Drought,RECENT_OPERATIONAL_HISTORY,2025-01,2026-07,"64 total entries confirmed via pagination ('Showing 61 to 64 of 64 entries' on the last of 7 pages), spanning January 2025 to July 2026 (~18 months)",Recent history + current,National,National (bulletin-level; sub-national breakdown inside each PDF not opened),"PDF (real file paths confirmed, e.g. /storage/uploads/ndmc/bulletins/pdfs/week4(June2026).pdf) + a JPG/PNG front-page image per bulletin",Web scrape (searchable/paginated HTML DataTable) + PDF download,https://weather.gov.pk/ndmc/bulletins,~64 documents (verified count),Unknown / Requires verification,Unknown / Requires verification,Weekly (weather updates); monthly/fortnightly/quarterly (drought bulletins),P1,Tier 1,Only verified drought data source for the platform; closes a complete existing gap,VERIFIED,"HISTORICAL_RANGE_VERIFIED by paging to the final page of the DataTable. PDF content itself not opened, but the archive listing and real PDF file paths are confirmed, not merely a heading."
PMD / NDMC,"Dam/Reservoir levels (Khanpur, Rawal, Simly, Tarbela, Mangla)",Drought / River,LIVE_CURRENT,Unknown / Requires verification,2026-09-15,No archive found; page shows only the current live reading per reservoir,"Live/current (page timestamped '15 September, 2026 06:31 AM')",National (5 named reservoirs),"Reservoir (5 named: Khanpur, Rawal, Simly, Tarbela, Mangla)",Web widget (Level/Flow) -- numeric values rendered client-side and were not captured as extractable text this session,Dashboard only (no download/API endpoint confirmed this session),https://weather.gov.pk/ndmc/dam-reservoirs/Khanpur,Unknown / Requires verification,Unknown / Requires verification,Unknown / Requires verification,Sub-daily (exact interval not confirmed),P2,Tier 3,"Reference/context; overlaps partially with IRSA/FFC reservoir coverage (Tarbela, Mangla)",PARTIALLY_VERIFIED,ARCHIVE_PAGE_VERIFIED and confirmed live/current via timestamp; underlying numeric data FEED_NOT_VERIFIED (values not extractable as text in this session).
PMD / NDMC,"Satellite Indices (Land Surface Temperature, NDVI, TVDI)",Drought,LIVE_CURRENT,2026-05-06,2026-09-15,"~12 dated Land Surface Temperature entries observed on one page, spanning 06 May 2026 to 15 Sep 2026, irregular cadence (roughly every 2-4 weeks)",Live/current,National,Raster/satellite imagery (no admin-unit granularity implied),Image/raster (satellite-derived index imagery),Dashboard/map viewer only; no download/API endpoint confirmed this session,https://weather.gov.pk/ndmc/satellite-indices/indices,Unknown / Requires verification,Unknown / Requires verification,Unknown / Requires verification,"Irregular, roughly every 2-4 weeks (observed, not stated)",P3,Tier 3,Reference imagery; not structured/tabular data,PARTIALLY_VERIFIED,"ARCHIVE_PAGE_VERIFIED with real, dated entries. NDVI and TVDI sub-pages were listed in navigation but not individually opened this session."
PMD / NDMC,"SPI / SPEI Drought Maps, Outlook Maps, Drought Hazard/Frequency Maps, Precipitation Forecast, Advisory/Alerts",Drought,LIVE_CURRENT,Unknown / Requires verification,Unknown / Requires verification,Unknown / Requires verification,Unknown / Requires verification,National,"Unknown / Requires verification (likely raster map, not confirmed)",Unknown / Requires verification -- likely map/raster,Unknown / Requires verification,https://weather.gov.pk/ndmc/spi-maps/map ; https://weather.gov.pk/ndmc/outlook-maps/map ; https://weather.gov.pk/ndmc/advisory&alerts,Unknown / Requires verification,Unknown / Requires verification,Unknown / Requires verification,Unknown / Requires verification,P4,Tier 3,Discovered but not opened -- flagged for future research,UNVERIFIED,"Nav links confirmed real (SPI/SPEI selector page loaded), but no map content, format, or update cadence was verified this session -- do not treat as ready to acquire."
PDMA Balochistan,Daily Weather/Situation Report (single example) + Heatwave Advisory (single example),Weather/Heatwave,EVENT_HISTORY,2025-04,2025-09,"Exactly one weather DSR example found (dated 08-09-2025) and one heatwave advisory example (dated 11-04-2025) -- NOT an archive, single homepage-linked documents only",Static (single documents),Balochistan,Unknown / Requires verification,PDF (Google Drive-hosted),Manual download (individual Drive links),https://pdma.gob.pk/,2 documents confirmed; no archive found,Unknown / Requires verification,Unknown / Requires verification,Unknown / Requires verification,P4,Do Not Acquire Automatically,"Confirms the homepage headings ('Daily Weather Reports & Advisory Alerts', 'Daily situation reports') do NOT lead to a real archive -- this is the task's explicit caution, verified true",PARTIALLY_VERIFIED,"ARCHIVE_PAGE_VERIFIED for the homepage itself; explicitly NOT an archive -- only individual example documents exist behind these headings, confirmed by exhaustive link search ('Drive,' search returned exactly one match per category)."
PDMA Balochistan,"Contingency Plans (Monsoon 2024, Monsoon 2025-26, Winter 2024-25)",Contingency Planning,STATIC_REFERENCE,2024,2026,3 distinct plan documents confirmed by filename,Static,Balochistan,Province,PDF (Google Drive-hosted),Manual download,https://pdma.gob.pk/,3 documents,Unknown / Requires verification,Unknown / Requires verification,Unknown / Requires verification,P3,Tier 3,Reference corpus only,VERIFIED,"Filenames individually confirmed via link search: 'monsoon contngency plan 2025=26.pdf', 'Monsoon Contigency Plan 2024 Updated.pdf', 'WCP 2024-25. Final.pdf'."
PDMA Balochistan,MHVRA district reports,Risk Assessment,STATIC_REFERENCE,2021,2023,"9 district reports confirmed by distinct filename (Chaghai, Kachhi, Nushki, Sibi, Quetta, Lasbela, Gwadar, Nasirabad, Jhal Magsi) -- revised up from 6 found in Task 13 after a more thorough link search this session",Static,Balochistan,District,PDF (Google Drive-hosted),Manual download,https://pdma.gob.pk/,"9 documents (verified count, corrected from Task 13's 6)",Unknown / Requires verification,Unknown / Requires verification,Unknown / Requires verification,P2,Tier 3,Second-largest verified MHVRA collection after NDMA's; extends risk-assessment coverage into Balochistan districts,VERIFIED,"Task 13 undercounted this collection (6 vs the 9 actually linked) -- corrected here after a more exhaustive 'Drive,' link search."
SUPARCO,"DisasterWatch (SACRED System) -- live campaigns, flood/GLOF/earthquake/landslide/forest-fire/cyclone/drought layers, admin-boundary vector tiles","Flood, GLOF, Earthquake, Landslide, Forest Fire, Cyclone, Drought (multi-hazard)",LIVE_CURRENT,2026-06-01,2026-09-02,"Only 'live=true' campaigns checked this session (2 found: 'Monsoon 2026', 'Nepal Floods 2026'); non-live/historical campaigns were NOT enumerated -- true historical depth is unknown","Live/current, confirmed via a real, working JSON API","National + international (one campaign covers Nepal, in support of an International Charter activation)","Country / Province / District (confirmed via the global-themes API's admin_boundaries layer group: country, provinces, districts vector-tile layers; no tehsil-level layer observed)","JSON API + vector tiles (MVT) + image assets (flood map thumbnails, e.g. 'Chenab_River_Analysis')","Real REST API confirmed working: GET /disasterwatch/api/themes/global-themes, /disasterwatch/api/resources/campaigns?live=true, /disasterwatch/api/data-gateway/mvt/{layer}/{z}/{x}/{y}.pbf","https://suparco.gov.pk/ (site itself links to http://disasterwatch.sgs-suparco.gov.pk/, which redirects to https://saccs.sgs-suparco.gov.pk/disasterwatch/)",Unknown / Requires verification,2 live campaigns observed; 12 and 5 resources respectively (resource_count fields from the API response),Unknown / Requires verification,Event-driven / live (campaign 'last_updated' timestamps observed within hours-to-days),P0,Tier 1,"Single strongest new finding in this entire two-task research effort -- a real, working government API covering 7 hazard families at once, including GLOF, cyclone, and landslide, which the platform has zero coverage of today",VERIFIED,"FEED_VERIFIED at the highest confidence level in this document: actual JSON responses were fetched and read directly (not inferred from a webpage), including a real GLIDE disaster identifier (FL-2026-000123-PAK). Historical (non-live) campaign depth is the one open question -- flagged for a focused follow-up query without the live=true filter."
EPA Punjab (AQI Punjab),"AQI Dashboard -- current AQI, historical calendar data, per-station 24-hour history",Air Quality (AQI),RECENT_OPERATIONAL_HISTORY,2025-10,2026,At least back to October 2025 confirmed via a real API response (~11 months); exact earliest date not exhaustively probed,Live/current + recent history,Punjab (37 districts confirmed),District (37 named) and Station (e.g. 29 named monitoring stations confirmed for Lahore district alone) -- the finest verified granularity found anywhere in this entire inventory,JSON API,"Real REST API confirmed working: GET /api/districts, /api/district-stations/{district}, /api/aqi-calendar-data?year=&month=&district=, /api/historical/24hours?station=&district=",https://aqi.punjab.gov.pk/,"N/A (API, not file-based)","~37 districts x multiple stations each x daily readings -- e.g. Lahore alone has 29 stations; a rough order-of-magnitude estimate for province-wide daily station-days would be in the low thousands per month, not independently computed this session",Unknown / Requires verification,Sub-daily (24-hour historical endpoint observed; live 'Current AQI' tab present),P0,Tier 1,"Second major new-API finding this session; the only verified AQI source with real, working, district- and station-level historical data -- directly fills the platform's complete absence of air-quality data",VERIFIED,"FEED_VERIFIED: actual JSON responses fetched and read directly, including a full district list and real historical daily AQI values with per-day station counts and station-name lists."
Federal Flood Commission (FFC),Daily Flood Situation Reports (DFSR),Flood,RECENT_OPERATIONAL_HISTORY,2024-07-01,2026-09-15,"Confirmed real daily entries for at least two seasons: 2024 (from 01-07-2024) and 2026 (01-07-2026 through 15-09-2026, ~70+ daily reports); a 2025-labelled archive URL was found but its content displayed as '2026' -- a real site inconsistency, not assumed data","Live/current (today's DFSR, 15 Sep 2026, linked directly from the homepage)",National (major rivers and nullahs),"River/nullah (e.g. 'Nullah Lai' -- a specific named stream) -- sub-district in practice, though not a formal administrative unit; exact in-document district/tehsil detail not opened",PDF,Web scrape (year-grouped HTML archive pages) + PDF download,https://ffc.gov.pk/dfsr-glof-press-release-2025/ (2026 content) ; https://ffc.gov.pk/post-monsson-activities/ (2024 archive),~70+ DFSR PDFs per season confirmed by counting listed dates for the 2026 archive alone,Unknown / Requires verification,Unknown / Requires verification,Daily,P0,Tier 1,"Directly complements PDMA Punjab's numeric gauge data with authoritative national-level flood narrative reporting, at daily frequency, with multi-year archive",VERIFIED,HISTORICAL_RANGE_VERIFIED by reading the actual dated link list on two separate archive pages (2024 and 2026).
Federal Flood Commission (FFC),"Live reservoir levels (Tarbela, Mangla, Chashma) embedded in homepage text",River/Reservoir,LIVE_CURRENT,Unknown / Requires verification,2026-09-15,"No archive -- homepage shows only the current reading, refreshed in place","Live/current, updated '15 September 2026 @ 0600 Hours' at time of check",National (3 named reservoirs),"Reservoir (Tarbela, Mangla, Chashma -- exact overlap with IRSA's known reservoir set)",Plain HTML text (genuinely simpler to scrape than IRSA's PDF-only equivalent),Web scrape (homepage text),https://ffc.gov.pk/,N/A,Unknown / Requires verification,Unknown / Requires verification,Reported at 0600 hours; update interval beyond that not independently confirmed,P1,Tier 1,"A text-scrapable, no-PDF-parsing-required alternative to IRSA for the same three reservoirs -- likely the easiest reservoir-level data to actually acquire in this whole inventory",VERIFIED,"FEED_VERIFIED: exact figures were read directly from the live page text this session (Tarbela 1542.97 ft, Mangla 1219.60 ft, Chashma 646.60 ft, combined live storage 10.927 MAF)."
Federal Flood Commission (FFC),GLOF Alerts (bundled with DFSR/Press Release archive),GLOF,EVENT_HISTORY,2026-06-27,2026-07-27,"3 distinct, dated GLOF alerts confirmed in the 2026 archive alone (27-06-2026, 11-07-2026, 27-07-2026); the 2024 archive page was not checked for GLOF-specific entries this session",Recent/event-driven,"National (specific valley/glacier location inside each alert, not opened)",Unknown / Requires verification (likely valley/glacier-specific; PDF content not opened),PDF,Web scrape (same archive page as DFSR) + PDF download,https://ffc.gov.pk/dfsr-glof-press-release-2025/,3 confirmed for 2026,Unknown / Requires verification,Unknown / Requires verification,Event-driven,P1,Tier 1,"The only verified, dated, government GLOF alert archive found in this entire research effort (SUPARCO also tags GLOF as a hazard layer, but no specific GLOF event record was queried from that API this session)",VERIFIED,"HISTORICAL_RANGE_VERIFIED for the alert dates themselves; alert document content (which glacier/valley, severity) NOT VERIFIED."
Federal Flood Commission (FFC),Annual Flood Reports / Damages Reports / Archives (footer navigation),Flood / Damage,STATIC_REFERENCE,Unknown / Requires verification,Unknown / Requires verification,"Footer nav items confirmed real ('ANNUAL FLOOD REPORTS', 'DAMAGES REPORT', 'DAMAGES IN A COUNTRY YEAR 2022', 'ARCHIVES') -- individual pages not opened this session",Static,National,Unknown / Requires verification,Unknown / Requires verification -- likely PDF,Unknown / Requires verification,https://ffc.gov.pk/,Unknown / Requires verification,Unknown / Requires verification,Unknown / Requires verification,Unknown / Requires verification,P2,Tier 2,Potentially valuable historical damage/annual summary data; needs a follow-up visit to each footer link,UNVERIFIED,"Nav item labels only, confirmed present in the page footer -- not clicked through this session."
PMD Seismic Monitoring,National Seismic Monitoring / Pakistan Seismicity Maps,Earthquake,LIVE_CURRENT,Unknown / Requires verification,Unknown / Requires verification,Unknown / Requires verification,Unknown / Requires verification,National,Unknown / Requires verification,Unknown / Requires verification -- likely map/raster,Unknown / Requires verification,https://seismic.pmd.gov.pk/ ; https://seismic.pmd.gov.pk/seismicity-maps.php,Unknown / Requires verification,Unknown / Requires verification,Unknown / Requires verification,Unknown / Requires verification,P3,Tier 2,"Real, distinct PMD subdomain dedicated to seismic monitoring -- a natural next earthquake-data lead",UNVERIFIED,Discovered via a cross-link on PDMA Balochistan's homepage this session; the seismic.pmd.gov.pk site itself was not opened/browsed.
PMD Tropical Cyclone Warning Centre (TCWC),TCWC Early Warning Center (mission page),Cyclone,LIVE_CURRENT,Unknown / Requires verification,Unknown / Requires verification,No advisory archive or historical cyclone list found on this page this session,Unknown / Requires verification (mission/description page only),"National (North Arabian Sea, Gulf of Oman, Central North Arabian Sea, Gulf of Aden)",National/maritime region,"HTML (descriptive text only, this session)",Unknown / Requires verification -- no advisory feed located,https://weather.gov.pk/tcwc,Unknown / Requires verification,Unknown / Requires verification,Unknown / Requires verification,Unknown / Requires verification,P2,Tier 2,Confirms the official body responsible for cyclone warnings; no active advisory archive found because no cyclone was active at time of check,PARTIALLY_VERIFIED,ARCHIVE_PAGE_VERIFIED for the mission/description content only. FEED_NOT_VERIFIED for any actual advisory/warning archive -- 'Advisories' text search returned zero matches on this page this session; SUPARCO's DisasterWatch cyclone layer (see above) is the only cyclone-adjacent data actually confirmed accessible this session.
"Provincial Irrigation Departments (Punjab, Sindh, KP, Balochistan)",Cross-linked from IRSA's 'Links With Ministries' -- not independently visited,River/Irrigation,Unknown / Requires verification,Unknown / Requires verification,Unknown / Requires verification,Unknown / Requires verification,Unknown / Requires verification,Provincial (4 provinces named),Unknown / Requires verification,Unknown / Requires verification,Unknown / Requires verification,Unknown / Requires verification,Unknown / Requires verification,Unknown / Requires verification,Unknown / Requires verification,Unknown / Requires verification,P4,Tier 3,"Named only, not researched -- flagged for a future session",UNVERIFIED,"Recorded per the task's 'discover but do not invent' instruction: names came from a real cross-link list on IRSA's homepage, but none of the four departments' own sites were opened this session."
