record_type,source_organization,dataset_or_material,official_url,section_page,data_type,geography,geographic_granularity,frequency,format,extraction_method,first_year_visible,latest_year_visible,historical_depth,historical_classification,current_or_live,estimated_volume,priority,pori_use,notes
primary_source,NDMA,Monsoon Daily Situation Reports (Sitreps),https://ndma.gov.pk/sitreps?cat_id=3,Sitreps (cat_id=3),Situation report / casualties / damage / relief / rescue narrative,National (province breakdown inside document),Province (within document text/tables),Daily during monsoon season,"PDF (per-report), HTML listing",Web scrape (HTML list) + PDF parse,2026 (this archive view),2026,"Single season visible in this listing: Report No.1 (26 Jun 2026) to No.82 (15 Sep 2026), verified by paging to first/last page",RECENT_OPERATIONAL_HISTORY,Live/current,"82 reports (2026 season, verified by pagination)",P0,"Already the platform's core NDMA ingestion source (scripts/extraction, scripts/parsing/parse_ndma.py)",Matches existing repo scraper target exactly. Archive appears season-scoped; multi-year depth on this exact listing not confirmed.
primary_source,NDMA,Publications hub (all categories),https://ndma.gov.pk/publications,Publications,"Mixed: reports, manuals, newsletters",National,National / mixed,Irregular (per category),PDF,Web scrape (paginated HTML) + PDF download,Unknown / Requires verification,2026,Unknown / Requires verification,STATIC_REFERENCE,Mixed,"8 categories, counts verified: Post Reports 3, CoE 1, NIDM Publications 16, Gender & Child Cell 6, MHVRA 8, Guidelines & Training Manuals 26, Newsletters 31, Annual Reports 3 (98 total items, category counts verified live)",P2,Reference/background material; Newsletters and Annual Reports could seed a document corpus later,"Category item counts read directly off the site's own category sidebar, not estimated."
primary_source,NDMA,Multi Hazard Vulnerability & Risk Assessment (MHVRA) district reports,https://ndma.gov.pk/publication_by_category/9,Publications > MHVRA,MHVRA / risk assessment,"District (Islamabad; Nowshera, KP; Rawalpindi, Bahawalpur, Jhang, Punjab; +3 more districts not individually opened)",District,One-off per district (static),PDF,Web scrape (paginated HTML) + PDF download,Unknown / Requires verification,Unknown / Requires verification,"Static, no update cadence observed",STATIC_REFERENCE,Static,8 district reports (category count verified on site),P1,Genuine district-level hazard/vulnerability reference data -- directly relevant to an operational-risk platform's risk-scoring ambitions,First confirmed source of genuine sub-provincial (district) hazard assessment content found in this session.
primary_source,NDMA,Guidelines & Training Manuals,https://ndma.gov.pk/publications,Publications > Guidelines & Training Manuals,Guideline / SOP document,National,National,Irregular,PDF,Web scrape + PDF download,Unknown / Requires verification,Unknown / Requires verification,Unknown / Requires verification,STATIC_REFERENCE,Static,26 items (category count verified),P3,Reference corpus only,"Matches the 243-PDF 'advisories/guidelines never parsed' gap noted in the architecture assessment; this session did not re-count the raw PDF corpus, only this category listing."
primary_source,NDMA,Newsletters,https://ndma.gov.pk/publications,Publications > Newsletters,Newsletter,National,National,"Monthly (titles observed: 'Newsletter May 2026', 'Newsletter April 2026')",PDF,Web scrape + PDF download,Unknown / Requires verification,2026,Unknown / Requires verification,STATIC_REFERENCE,Recurring/static,31 items (category count verified),P3,Low operational value; background/PR content,"Monthly cadence inferred from two consecutive titles observed, not from an explicit schedule statement."
primary_source,NDMA,Annual Reports,https://ndma.gov.pk/publications,Publications > Annual Reports,Annual report,National,National,Annual,PDF,Web scrape + PDF download,Unknown / Requires verification,Unknown / Requires verification,Unknown / Requires verification,STATIC_REFERENCE,Static,3 items (category count verified),P2,High-level yearly summary; useful for validating platform-derived aggregates against an authoritative published total,Individual years not opened/verified this session.
primary_source,PDMA Punjab,Daily Situation Reports,https://pdma.punjab.gov.pk/daily-situation-reports,Daily Situation Reports,Situation report,Punjab,District (within document text),Daily,PDF,Web scrape (year-grouped HTML) + PDF parse,2025,2026,"2 years visible (2025, 2026), verified by the page's own year listing",RECENT_OPERATIONAL_HISTORY,Live/current,Unknown / Requires verification,P0,Already the platform's core PDMA daily-report source,Matches existing repo scraper target exactly.
primary_source,PDMA Punjab,Gauge Report,https://pdma.punjab.gov.pk/gauge-reports,Gauge Report,River/gauge,Punjab,Station,Multiple times per day (matches pdma_gauge_readings cadence already observed),PDF,Web scrape (year-grouped HTML) + PDF table parse,2025,2026,"2 years visible (2025, 2026), verified by the page's own year listing",RECENT_OPERATIONAL_HISTORY,Live/current,"15,274 rows already in pdma_gauge_readings (live DB, this repo)",P0,Already the platform's core river-gauge source (Task 9 forecasting depends on this),Matches existing repo scraper target exactly; do not touch Task 9 dependency.
primary_source,PDMA Punjab,Rainfall Report,https://pdma.punjab.gov.pk/,Homepage ticker: 'RAINFALL REPORT',Rainfall,Punjab,"Station/district (messy, per known repo data-quality finding)",Daily,PDF,Web scrape + PDF table parse,Unknown / Requires verification,2026,Unknown / Requires verification,RECENT_OPERATIONAL_HISTORY,Live/current,"869 rows already in pdma_rainfall_readings (live DB, this repo)",P0,Already the platform's core rainfall source,Direct dedicated report-listing page (equivalent to /gauge-reports) not separately opened this session; homepage ticker link confirms the report exists and is live.
primary_source,PDMA Punjab,Earthquake Report,https://pdma.punjab.gov.pk/earthquake-reports,Earthquake Report,Earthquake,Punjab,Unknown / Requires verification,Event-driven,PDF,Web scrape (year-grouped HTML) + PDF parse,2025,2026,"2 years visible (2025, 2026), verified by the page's own year listing",EVENT_HISTORY,Live/current,Unknown / Requires verification,P1,"Real, downloadable, currently unused by the repo -- matches a known gap (PDMA earthquake_reports downloaded but never parsed, per architecture assessment)","This confirms the page and archive genuinely exist and are reachable, addressing prior uncertainty."
primary_source,PDMA Punjab,Weather Alert / Flood Alert / PEOC advisories,https://pdma.punjab.gov.pk/,Homepage ticker,Alert/advisory,Punjab,"District/river (within advisory text, mostly Urdu)","Event-driven, several per week in season",HTML/image ticker + PDF,Web scrape,Unknown / Requires verification,2026,Unknown / Requires verification,LIVE_CURRENT,Live/current,Unknown / Requires verification,P2,Could feed an alerts/notification feature; content observed is largely Urdu free text,"Distinct from the structured Daily Situation Report/Gauge/Rainfall PDFs; this is homepage-ticker advisory text, English and Urdu mixed."
primary_source,PDMA Sindh,Monsoon 2026 Situation Reports,https://pdma.gos.pk/monsoon-2026-situation-reports/,Monsoon 2026 Situation Reports,Situation report,Sindh,Unknown / Requires verification,Daily,"PDF, listed in a searchable/sortable HTML DataTable",Web scrape (DataTable/AJAX) + PDF download,2026,2026,56 entries confirmed for the 2026 season alone (page states 'Showing 1 to 10 of 56 entries'),RECENT_OPERATIONAL_HISTORY,Live/current,56 reports (verified count from page),P1,Would give the platform its first real Sindh ingestion source -- currently zero dedicated Sindh coverage,"Genuinely structured, downloadable, dated table -- more scrape-friendly than PDMA Punjab's plain year-grouped listing."
primary_source,PDMA Sindh,Monsoon 2025 Situation Reports,https://pdma.gos.pk/monsoon-2025-situation-reports/,Monsoon 2025 Situation Reports,Situation report,Sindh,Unknown / Requires verification,Daily,PDF in HTML DataTable,Web scrape + PDF download,2025,2025,Category link confirmed present; entry count not separately opened this session,RECENT_OPERATIONAL_HISTORY,Recent history,Unknown / Requires verification,P1,"Prior-season Sindh coverage, same format as the 2026 listing",Same site/template as the 2026 listing verified above.
primary_source,PDMA Sindh,"Heatwave Situation Reports (2025, 2026)",https://pdma.gos.pk/heatwave-situation-report-2026/,Heatwave Situation Report 2026 / 2025,Heatwave,Sindh,Unknown / Requires verification,Event-driven (seasonal),PDF in HTML DataTable,Web scrape + PDF download,2025,2026,"2 seasons confirmed (2025, 2026 links both present)",EVENT_HISTORY,Recent history,Unknown / Requires verification,P2,First verified heatwave-specific data family found anywhere in the inventory -- Sindh (notably Karachi) is the country's principal heatwave-risk area,Distinct category from the general monsoon situation reports.
primary_source,PDMA Sindh,Rains 2026 Situation Reports,https://pdma.gos.pk/rains-2026-situation-reports/,Rains 2026 Situation Reports,Rainfall/situation report,Sindh,Unknown / Requires verification,Event-driven,PDF in HTML DataTable,Web scrape + PDF download,2026,2026,Unknown / Requires verification,EVENT_HISTORY,Recent history,Unknown / Requires verification,P2,"Additional Sindh rain-event coverage, distinct from the monsoon-season category",Category link confirmed present; not opened in depth this session.
primary_source,PDMA Sindh,"Cyclone-related news/evacuation items (e.g. Thatta, Sujawal)",https://pdma.gos.pk/,Homepage news feed,Cyclone / evacuation,"Sindh (coastal districts: Thatta, Sujawal, Karachi)",District,Event-driven,HTML news post,Web scrape,2023 (titles observed dated 14 June 2023),2024,"News-style posts only, not a structured report archive",EVENT_HISTORY,Historical/event-driven,Unknown / Requires verification,P3,"Confirms Sindh is the right province to eventually cover for cyclone risk; content itself is unstructured news, not a data family","This is a news item, not a dataset/report family -- recorded per research principle to distinguish the two, not adopted as a data source."
primary_source,PDMA KP,"Daily Situation Reports (DSR), PEOC RMS",https://rms.pdma.gov.pk/DSRs.aspx,PEOC RMS > DSRs,Situation report,Khyber Pakhtunkhwa,Unknown / Requires verification,"Twice daily (Morning and Evening shift, confirmed by table rows)","HTML table listing, individual reports viewed via 'View' action (format of the underlying document not opened this session)",Web scrape (ASP.NET WebForms table),Unknown / Requires verification,2026,Live listing observed through 15 Sep 2026; historical depth beyond the visible page not confirmed,LIVE_CURRENT,Live/current,Unknown / Requires verification,P0,Would give the platform its first real KP ingestion source at very high (twice-daily) frequency -- currently zero dedicated KP coverage,Hosted on a distinct subdomain (rms.pdma.gov.pk) built on ASP.NET WebForms -- a materially different platform from the main pdma.gov.pk CMS.
primary_source,PDMA KP,Damages/Losses -- Gender Wise Damages Report,https://www.pdma.gov.pk/damage-losses,Damages/Losses,"Infrastructure/casualty damage, gender-disaggregated",Khyber Pakhtunkhwa,Unknown / Requires verification,"Monthly, plus a consolidated annual report",PDF,Web scrape (year-grouped HTML) + PDF parse,2024 (visible list truncated before reaching an earlier year),2026,"Monthly reports confirmed Jan 2025 - Jun 2026 (18 months) plus 2024 monthly reports partially visible before truncation, plus one consolidated 'Gender Wise Damages Report for the Year 2025' and 'for the Year 2024'",RECENT_OPERATIONAL_HISTORY,Live/current,Unknown / Requires verification,P1,Only gender-disaggregated damage dataset found anywhere in this inventory -- directly extends the platform's NDMA damage data with a dimension it does not currently have,"Genuinely distinct data family, not merely a duplicate of NDMA's province-level damage figures."
primary_source,PDMA KP,Monsoon Contingency Plans,https://pdma.gov.pk/,Downloads & Publication > Monsoon Contingency Plans,Contingency plan,Khyber Pakhtunkhwa,"Province/district (plan content, not verified in depth)",Annual,PDF,Web scrape (static link list) + PDF download,2012,2026,"15 consecutive annual plans confirmed by title list (2012 through 2026, later years labelled 'Summer Hazards Contingency Plan')",STATIC_REFERENCE,"Static, updated annually",15 documents (titles individually counted from the page),P2,"Deepest verified year-over-year static archive found in this entire inventory -- valuable for a document corpus / RAG source in a future phase, not for structured ingestion now",Naming changed partway through the series ('Monsoon Contingency Plan' -> 'Summer Hazards Contingency Plan'); same document family.
primary_source,PDMA KP,Winter Contingency Plans,https://pdma.gov.pk/,Downloads & Publication > Winter Contingency Plans,Contingency plan,Khyber Pakhtunkhwa,Unknown / Requires verification,Annual (winter season),PDF,Web scrape (static link list) + PDF download,2019-20,2025-26,7 consecutive winter-season plans confirmed by title list,STATIC_REFERENCE,"Static, updated annually",7 documents (titles individually counted),P3,Reference corpus only,Same publication pattern as the Monsoon Contingency Plans list.
primary_source,PDMA KP,Heat Wave Plans,https://pdma.gov.pk/,Downloads & Publication > Heat Wave & Other Plans,Heatwave contingency plan,Khyber Pakhtunkhwa,Unknown / Requires verification,Annual,PDF,Web scrape (static link list) + PDF download,2022,2023,"2 years confirmed by title list ('PDMA Heat Waves Plan 2023', 'PDMA Heat Waves Plan 2022')",STATIC_REFERENCE,Static,2 documents,P3,Reference corpus only,"Listed in the same 'Heat Wave & Other Plans' block as 'District Contingency Plan' and 'PDMA KP Annual Report 2017' (single items, not counted as a series)."
primary_source,PDMA KP,Acts and Notifications,https://pdma.gov.pk/,Downloads & Publication > Acts and Notifications,Legal/regulatory notification,Khyber Pakhtunkhwa,"Mixed (some district-specific, e.g. Chitral notification)",Irregular,PDF,Web scrape (static link list) + PDF download,Unknown / Requires verification,2025,Unknown / Requires verification,STATIC_REFERENCE,Static,~15 items observed in the visible list (list continued beyond what was captured),P4,"Legal/administrative record, not operational risk data",Includes compensation regulations and emergency-declaration notifications; several are dated to specific 2022/2023 flood events.
primary_source,PDMA Balochistan,MHVRA District Reports,https://pdma.gob.pk/,Homepage > MHVRA Reports block,MHVRA / risk assessment,"Balochistan (districts: Chaghai, Kachhi, Nushki, Sibi, Quetta, Gwadar confirmed by filename)",District,One-off (static),"PDF, hosted externally on Google Drive (not the pdma.gob.pk domain itself)",Web scrape (external Drive links) + PDF download,2021 (one filename explicitly dated 'IK o4-May-2021'),Unknown / Requires verification,Unknown / Requires verification,STATIC_REFERENCE,Static,6 district reports confirmed by distinct filenames,P2,"Second source of genuine district-level MHVRA content (alongside NDMA's), extending risk-assessment coverage into Balochistan",Access-method limitation: documents are hosted on Google Drive rather than the department's own domain -- a real reliability/permanence risk worth recording.
primary_source,PDMA Balochistan,Balochistan Daily Weather Reports & Advisory Alerts / Daily Situation Reports / Monthly Seismic Reports,https://pdma.gob.pk/,Homepage (section headings observed),Weather / situation report / seismic,Balochistan,Unknown / Requires verification,Unknown / Requires verification,Unknown / Requires verification,Web scrape (site structure not opened beyond section headings),Unknown / Requires verification,Unknown / Requires verification,Unknown / Requires verification,LIVE_CURRENT,Unknown / Requires verification,Unknown / Requires verification,P3,"Potential source for Balochistan weather/seismic coverage, currently entirely absent from the platform",Section headings were found via in-page text search only; the underlying report listings/archives were not opened or verified this session -- this record intentionally leaves most fields Unknown rather than guessing.
primary_source,PMD,Daily Weather / 3-Day Forecast / Weekly Forecast / Cities Forecast (NWFC),https://weather.gov.pk/,"Homepage nav: Daily Weather, 3 Days Forecast, Weekly Forecast, Cities Forecast; served via NWFC",Weather forecast,National,City,Multiple times daily,HTML,Web scrape (already implemented: nwfc.pmd.gov.pk),Unknown / Requires verification,2026,Unknown / Requires verification,LIVE_CURRENT,Live/current,"108 rows already in pmd_daily_forecast (live DB, this repo)",P0,Already the platform's core PMD ingestion source,Confirmed still live and structurally consistent with the existing scraper's target.
primary_source,PMD,Seasonal Outlook / Monthly Outlook,https://weather.gov.pk/,"Latest Update ticker ('Monthly Outlook September 2026', 'Seasonal Outlook SON 2026')",Seasonal climate outlook,National,National,Monthly / seasonal,PDF or HTML bulletin (not opened this session),Web scrape,Unknown / Requires verification,2026,Unknown / Requires verification,LIVE_CURRENT,Live/current,Unknown / Requires verification,P2,Could support a longer-horizon risk outlook feature,Titles observed on the homepage ticker only; the outlook page itself was not opened this session.
primary_source,PMD,"NDMC (National Drought Monitoring Centre) -- Bulletins, Dam Reservoirs, Satellite Indices, SPI Maps, Outlook Maps",https://weather.gov.pk/ndmc,NDMC,Drought,National,"Unknown / Requires verification (SPI maps likely raster/tehsil-level, not confirmed)",Unknown / Requires verification,Bulletins (PDF/HTML) + map/index pages (likely image/raster),Web scrape (sub-pages not individually opened this session),Unknown / Requires verification,Unknown / Requires verification,Unknown / Requires verification,LIVE_CURRENT,Live/current,Unknown / Requires verification,P1,"Only verified source of drought data found in this entire inventory -- currently a complete gap in the platform (no drought table, no drought field, anywhere)","Sub-navigation (Bulletins, Dam Reservoirs, Satellite Indices, SPI Maps, Outlook Maps) confirmed real via link discovery; individual pages not opened this session, so format/frequency/granularity are honestly marked Unknown rather than assumed."
primary_source,PMD,FFD (Flood Forecasting Division) -- Flood Bulletins & Advisories archive,https://ffd.pmd.gov.pk/bulletins/archive,Bulletins & Advisories Archive,Flood bulletin / advisory / real-time river data,National (major rivers),"River/basin (station-level detail likely inside each bulletin, not confirmed)",Near-daily in flood season,Individual bulletin pages (viewed via 'View'; underlying PDF/HTML not confirmed) listed in an HTML archive table,"Web scrape (archive table, paginated) + document parse",2024,2025,"267 total records confirmed ('Showing 1-30 of 267 record(s)'), spanning years 2024 and 2025 per the page's own year filter",RECENT_OPERATIONAL_HISTORY,Live/current (site also shows a live real-time river-data widget),267 records (verified count from page),P0,"Strongest new finding in this entire inventory: real flood-forecast narrative text and a 2-year, 267-record archive that would directly complement the platform's existing numeric gauge data","Distinct subdomain/application from the main weather.gov.pk site; has its own 'Sign In', suggesting some features may be access-restricted even though the archive itself is public."
primary_source,PMD,"Radar, Ozone Watch",https://weather.gov.pk/,Homepage nav,Radar imagery / ozone monitoring,National,Unknown / Requires verification,Unknown / Requires verification,"Unknown / Requires verification -- likely image/map, not tabular",Unknown / Requires verification,Unknown / Requires verification,Unknown / Requires verification,Unknown / Requires verification,LIVE_CURRENT,Live/current,Unknown / Requires verification,P4,"Low near-term value -- imagery, not structured data; explicitly recorded rather than assumed machine-readable, per research principle",Nav links confirmed present; pages not opened this session.
primary_source,PMD,"Seismic, NAMC (agromet), R&D services",https://weather.gov.pk/,Homepage 'Services' carousel,Seismic / agromet / research,National,Unknown / Requires verification,Unknown / Requires verification,Unknown / Requires verification,Unknown / Requires verification,Unknown / Requires verification,Unknown / Requires verification,Unknown / Requires verification,LIVE_CURRENT,Unknown / Requires verification,Unknown / Requires verification,P4,"Discovered but not opened -- flagged for future research, not adopted","Carousel item labels only ('Seismic', 'NAMC', 'R&D'); no sub-page was visited this session."
supporting_source,"Flood Forecasting Division (FFD), PMD",See PMD FFD primary_source record above,https://ffd.pmd.gov.pk,N/A,Flood forecasting,National,Unknown / Requires verification,Unknown / Requires verification,Unknown / Requires verification,Unknown / Requires verification,Unknown / Requires verification,Unknown / Requires verification,Unknown / Requires verification,Unknown / Requires verification,Unknown / Requires verification,Unknown / Requires verification,P0,Adopt now -- see full record under PMD primary sources above,"Listed here only because the task explicitly named FFD as a supporting-source candidate to discover; full verification is recorded once, under PMD, to avoid duplicating the same evidence."
supporting_source,WAPDA (Water and Power Development Authority),"Corporate site -- news, dam construction status, tenders",https://wapda.gov.pk,Homepage,Corporate/news,National,Unknown / Requires verification,Unknown / Requires verification,HTML,Web scrape,Unknown / Requires verification,2026,Unknown / Requires verification,Unknown / Requires verification,Live,Unknown / Requires verification,P4,Not yet -- no live reservoir/hydrology data table was found on the homepage in this session; reservoir figures appear to be published via IRSA instead,Searched page text for 'reservoir' -- zero matches. A dedicated data section may exist elsewhere on the site but was not located this session.
supporting_source,IRSA (Indus River System Authority),Daily Water Situation / Daily Data,http://pakirsa.gov.pk/DailyData.aspx,Daily Data,Reservoir/river flow,"National (Indus system: Tarbela, Mangla, Chashma)",Reservoir/barrage,Daily (per page title 'Daily Water Situation'; not independently confirmed by opening a report),Unknown / Requires verification (page navigated to but content not extracted this session),Unknown / Requires verification,Unknown / Requires verification,Unknown / Requires verification,Unknown / Requires verification,Unknown / Requires verification,Likely live,Unknown / Requires verification,P1,Later -- would directly complement pdma_gauge_readings with authoritative reservoir inflow/outflow; needs a follow-up session to open and verify actual table structure,"Nav link and page title ('Daily Water Situation') confirmed real; a 'Telemetry Sites Locations' item was also seen in the site's Latest Updates list, suggesting a real station network exists. Full table content not extracted this session -- do not assume format."
supporting_source,Federal Flood Commission,Unknown -- discovered only as a named link on IRSA's site,Unknown / Requires verification,"IRSA homepage, 'Links With Ministries'",Unknown / Requires verification,National,Unknown / Requires verification,Unknown / Requires verification,Unknown / Requires verification,Unknown / Requires verification,Unknown / Requires verification,Unknown / Requires verification,Unknown / Requires verification,Unknown / Requires verification,Unknown / Requires verification,Unknown / Requires verification,P4,Not yet -- name and existence confirmed only via a cross-link on IRSA's site; the Commission's own site was not visited or verified this session,Recorded per the 'discover but do not adopt' instruction -- deliberately not given a URL since none was independently verified.
supporting_source,SUPARCO (Space and Upper Atmosphere Research Commission),DisasterWatch Web-GIS portal (satellite-based flood/hazard mapping),"https://suparco.gov.pk/ (DisasterWatch reported at disasterwatch.sgs-suparco.gov.pk, per web search only -- not independently browsed)",Unknown / Requires verification,Satellite hazard/flood mapping,National,Unknown / Requires verification,Unknown / Requires verification,Unknown / Requires verification,Unknown / Requires verification,Unknown / Requires verification,Unknown / Requires verification,Unknown / Requires verification,Unknown / Requires verification,Unknown / Requires verification,Unknown / Requires verification,P2,"Later -- potentially high-value satellite flood-extent data, but this session only confirmed its existence via web search, not by directly browsing the portal","IMPORTANT LIMITATION: this record's official_url was obtained from a web search result, not from direct navigation in this session (the site itself was not opened) -- flagged explicitly so it is not mistaken for a verified page visit like every other record in this inventory."
supporting_source,EPA Punjab (Environment Protection Department),AQI Forecasting and Advisories System,https://epd.punjab.gov.pk,Department homepage (JS-rendered; content not fully extracted),Air quality (AQI),Punjab,Unknown / Requires verification,Unknown / Requires verification,Unknown / Requires verification,Unknown / Requires verification,Unknown / Requires verification,Unknown / Requires verification,Unknown / Requires verification,Unknown / Requires verification,Reported live per a department PDF found via web search (not independently confirmed by this session's page visit),Unknown / Requires verification,P3,Later -- the only Pakistani-government AQI source discovered this session; a dedicated live AQI dashboard/API page was not located under this domain in the time available,"Homepage visited directly (confirms domain is real and live), but returned mostly empty text (JS-heavy site) in this session's extraction; the AQI system itself is known only from a PDF found via web search, not from direct navigation to a live AQI page."
